Table with row headers in column A and column headers in rows 5 through 7,,,,,,,,,,,,,,,,,,,,,,,,,,,
"Number of Establishments with Corresponding Employment Change by Employment Size of the Enterprise for the United States and All States, Totals: 2013-2014",,,,,,,,,,,,,,,,,,,,,release date: 02/02/2017,,,,,,
,,,,,,,,,,,,,,,,,,,,,,,,,,,
"SOURCE: 1989-2014 Business Information Tracking Series.  For information on confidentiality protection, sampling error, nonsampling error, and definitions, see http://www.census.gov/programs-surveys/susb/technical-documentation/methodology.html.",,,,,,,,,,,,,,,,,,,,,,,,,,,
"For definitions, see http://www.census.gov/programs-surveys/susb/about/glossary.html.",,,,,,,,,,,,,,,,,,,,,,,,,,,
FIPS CODE,GEOGRAPHIC AREA DESCRIPTION,ENTERPRISE EMPLOYMENT SIZE,INITIAL YEAR (2013),,,,NET CHANGE (2013-2014),,,ESTABLISHMENT BIRTHS (2013-2014),,,ESTABLISHMENT DEATHS (2013-2014),,,ESTABLISHMENT EXPANSIONS (2013-2014),,,ESTABLISHMENT CONTRACTIONS (2013-2014),,,,,,,,
,,,NUMBER OF ESTABLISHMENTS,EMPLOYMENT,NOISE FLAG,EMPLOYMENT RANGE FLAG,CHANGE IN ESTABLISHMENTS,CHANGE IN EMPLOYMENT,NOISE FLAG,NUMBER OF ESTABLISHMENTS,CHANGE IN EMPLOYMENT,NOISE FLAG,NUMBER OF ESTABLISHMENTS,CHANGE IN EMPLOYMENT,NOISE FLAG,NUMBER OF ESTABLISHMENTS,CHANGE IN EMPLOYMENT,NOISE FLAG,NUMBER OF ESTABLISHMENTS,CHANGE IN EMPLOYMENT,NOISE FLAG,,,,,,
,,,,,,,,,,,,,,,,,,,,,,,,,,,
00,United States,1:  Total,"6,730,942","118,245,702",G,,"64,073","2,810,680",G,"670,944","5,176,297",G,"606,871","-4,456,303",G,"1,834,745","10,831,450",G,"1,616,832","-8,740,764",G,,,,,,
00,United States,2:  1-4,"2,860,994","5,922,079",G,,"33,294","766,163",G,"431,850","765,727",H,"398,556","-691,189",H,"532,864","1,071,084",G,"335,577","-379,459",H,,,,,,
00,United States,3:  5-9,"1,003,253","6,519,048",G,,"4,934","180,233",G,"62,042","401,545",G,"57,108","-363,556",G,"306,977","766,146",G,"333,904","-623,902",G,,,,,,
00,United States,4:  10-19,"633,901","8,054,181",G,,599,"155,743",G,"30,786","404,549",G,"30,187","-375,927",G,"229,989","810,549",G,"240,962","-683,428",G,,,,,,
00,United States,5:  20-99,"684,076","19,691,702",G,,464,"365,727",G,"28,037","829,766",G,"27,573","-737,887",G,"262,707","1,674,258",G,"248,696","-1,400,410",G,,,,,,
00,United States,6:  100-499,"356,543","16,615,816",G,,"5,163","402,847",G,"19,086","605,819",G,"13,923","-479,378",G,"133,255","1,365,064",G,"101,060","-1,088,658",G,,,,,,
00,United States,7:  <500,"5,538,767","56,802,826",G,,"44,454","1,870,713",G,"571,801","3,007,406",G,"527,347","-2,647,937",G,"1,465,792","5,687,101",G,"1,260,199","-4,175,857",G,,,,,,
00,United States,8:  500+,"1,192,175","61,442,876",G,,"19,619","939,967",G,"99,143","2,168,891",G,"79,524","-1,808,366",G,"368,953","5,144,349",G,"356,633","-4,564,907",G,,,,,,
01,Alabama,1:  Total,"91,203","1,602,907",G,,160,44,G,"7,354","60,555",G,"7,194","-62,206",G,"24,937","129,531",G,"23,230","-127,836",G,,,,,,
01,Alabama,2:  1-4,"34,060","74,204",G,,-237,"6,924",G,"4,163","7,664",H,"4,400","-8,041",H,"6,421","12,342",G,"4,469","-5,041",H,,,,,,
01,Alabama,3:  5-9,"13,755","89,492",G,,5,553,G,768,"4,935",G,763,"-4,911",G,"3,887","9,158",G,"4,718","-8,629",G,,,,,,
01,Alabama,4:  10-19,"8,646","108,805",G,,-1,"1,172",G,358,"4,690",G,359,"-4,325",G,"2,979","10,096",G,"3,357","-9,289",G,,,,,,
01,Alabama,5:  20-99,"9,930","263,927",G,,122,"7,320",G,473,"11,671",G,351,"-8,323",G,"3,526","23,931",G,"3,646","-19,959",G,,,,,,
01,Alabama,6:  100-499,"5,384","228,672",G,,76,"4,990",G,275,"9,895",G,199,"-5,364",G,"1,964","17,727",G,"1,524","-17,268",G,,,,,,
01,Alabama,7:  <500,"71,775","765,100",G,,-35,"20,959",G,"6,037","38,855",G,"6,072","-30,964",G,"18,777","73,254",G,"17,714","-60,186",G,,,,,,
01,Alabama,8:  500+,"19,428","837,807",G,,195,"-20,915",G,"1,317","21,700",G,"1,122","-31,242",G,"6,160","56,277",G,"5,516","-67,650",G,,,,,,
02,Alaska,1:  Total,"17,498","266,568",G,,174,354,G,"1,785","12,524",G,"1,611","-10,890",G,"4,951","24,418",G,"4,757","-25,698",G,,,,,,
02,Alaska,2:  1-4,"7,046","14,913",G,,64,"2,140",G,"1,181",0,S,"1,117","-1,947",H,"1,585","3,169",G,"1,037","-1,187",H,,,,,,
02,Alaska,3:  5-9,"2,922","18,887",G,,-4,10,G,158,992,G,162,"-1,029",G,923,"2,176",G,"1,090","-2,129",G,,,,,,
02,Alaska,4:  10-19,"1,848","23,060",G,,-4,-254,G,60,762,H,64,-784,G,636,"2,171",G,781,"-2,403",G,,,,,,
02,Alaska,5:  20-99,"1,749","42,143",G,,14,345,G,53,"1,301",G,39,-997,G,583,"3,584",G,631,"-3,543",G,,,,,,
02,Alaska,6:  100-499,"1,104","42,254",G,,22,7,G,53,759,H,31,"-1,113",G,342,"3,455",H,358,"-3,094",G,,,,,,
02,Alaska,7:  <500,"14,669","141,257",G,,92,"2,248",G,"1,505","5,919",H,"1,413","-5,870",G,"4,069","14,555",G,"3,897","-12,356",G,,,,,,
02,Alaska,8:  500+,"2,829","125,311",G,,82,"-1,894",G,280,"6,605",H,198,"-5,020",H,882,"9,863",G,860,"-13,342",G,,,,,,
04,Arizona,1:  Total,"117,562","2,172,904",G,,"1,688","66,052",G,"13,204","125,824",G,"11,516","-88,925",G,"33,628","225,639",G,"27,941","-196,486",G,,,,,,
04,Arizona,2:  1-4,"47,200","96,028",H,,763,"14,188",H,"7,978","14,346",H,"7,215",0,S,"9,173","18,607",G,"5,486","-6,262",H,,,,,,
04,Arizona,3:  5-9,"16,369","106,837",G,,59,"4,175",G,"1,169","7,553",G,"1,110","-6,978",G,"5,328","13,945",G,"5,412","-10,345",G,,,,,,
04,Arizona,4:  10-19,"10,360","131,807",G,,54,"5,076",G,674,"8,947",G,620,"-7,849",G,"3,963","15,537",G,"3,871","-11,559",G,,,,,,
04,Arizona,5:  20-99,"11,453","332,462",G,,-29,"6,903",G,565,"19,293",G,594,"-17,264",G,"4,449","30,375",G,"4,166","-25,501",G,,,,,,
04,Arizona,6:  100-499,"6,717","311,977",G,,140,"5,022",G,400,"12,643",G,260,"-9,972",G,"2,518","24,840",G,"1,912","-22,489",G,,,,,,
04,Arizona,7:  <500,"92,099","979,111",G,,987,"35,364",G,"10,786","62,782",G,"9,799","-54,566",G,"25,431","103,304",G,"20,847","-76,156",G,,,,,,
04,Arizona,8:  500+,"25,463","1,193,793",G,,701,"30,688",G,"2,418","63,042",G,"1,717","-34,359",G,"8,197","122,335",G,"7,094","-120,330",G,,,,,,
05,Arkansas,1:  Total,"59,563","977,999",G,,-46,"13,767",G,"4,917","39,568",G,"4,963","-37,757",G,"15,684","78,379",G,"15,103","-66,423",G,,,,,,
05,Arkansas,2:  1-4,"23,705","49,471",G,,-184,"4,219",G,"3,006","5,394",H,"3,190","-5,631",H,"4,202","7,767",G,"2,940","-3,311",H,,,,,,
05,Arkansas,3:  5-9,"9,144","59,495",G,,4,272,G,551,"3,464",G,547,"-3,456",G,"2,591","6,115",G,"3,141","-5,851",G,,,,,,
05,Arkansas,4:  10-19,"5,491","69,104",G,,-11,"1,074",G,259,"3,458",G,270,"-3,178",G,"1,906","6,868",G,"2,189","-6,074",G,,,,,,
05,Arkansas,5:  20-99,"6,349","163,819",G,,70,"2,781",G,287,"8,844",G,217,"-5,591",G,"2,199","11,913",G,"2,327","-12,385",G,,,,,,
05,Arkansas,6:  100-499,"3,650","134,248",G,,70,"3,509",G,155,"5,131",G,85,"-2,291",H,"1,315","10,237",G,"1,079","-9,568",G,,,,,,
05,Arkansas,7:  <500,"48,339","476,137",G,,-51,"11,855",G,"4,258","26,291",G,"4,309","-20,147",G,"12,213","42,900",G,"11,676","-37,189",G,,,,,,
05,Arkansas,8:  500+,"11,224","501,862",G,,5,"1,912",G,659,"13,277",G,654,"-17,610",H,"3,471","35,479",G,"3,427","-29,234",G,,,,,,
06,California,1:  Total,"772,522","13,398,663",G,,"13,242","439,265",G,"87,940","709,685",G,"74,698","-638,425",G,"218,792","1,424,521",G,"183,410","-1,056,516",G,,,,,,
06,California,2:  1-4,"343,345","715,102",G,,"9,413","117,495",G,"59,020","106,144",H,"49,607","-86,571",H,"69,228","144,852",G,"41,509","-46,930",H,,,,,,
06,California,3:  5-9,"119,998","778,917",G,,"1,695","38,474",G,"8,981","57,715",G,"7,286","-46,432",G,"38,441","101,082",G,"39,180","-73,891",G,,,,,,
06,California,4:  10-19,"75,327","955,793",G,,89,"25,717",G,"4,357","57,065",G,"4,268","-53,249",G,"27,998","106,159",G,"28,037","-84,258",G,,,,,,
06,California,5:  20-99,"78,655","2,342,122",G,,-369,"32,691",G,"3,329","104,814",G,"3,698","-103,366",G,"31,705","215,505",G,"28,348","-184,262",G,,,,,,
06,California,6:  100-499,"37,061","1,855,442",G,,218,"50,005",G,"1,871","70,998",G,"1,653","-61,736",G,"14,867","167,695",G,"10,492","-126,952",G,,,,,,
06,California,7:  <500,"654,386","6,647,376",G,,"11,046","264,382",G,"77,558","396,736",G,"66,512","-351,354",G,"182,239","735,293",G,"147,566","-516,293",G,,,,,,
06,California,8:  500+,"118,136","6,751,287",G,,"2,196","174,883",G,"10,382","312,949",G,"8,186","-287,071",G,"36,553","689,228",G,"35,844","-540,223",G,,,,,,
08,Colorado,1:  Total,"134,761","2,090,776",G,,"2,540","90,932",G,"15,981","112,966",G,"13,441","-83,726",G,"37,362","223,579",G,"29,544","-161,887",G,,,,,,
08,Colorado,2:  1-4,"63,106","124,405",H,,"1,597","18,619",H,"10,896","18,691",H,"9,299",0,S,"11,536","23,290",G,"6,688","-7,705",H,,,,,,
08,Colorado,3:  5-9,"18,876","123,231",G,,169,"6,478",G,"1,294","8,412",G,"1,125","-7,097",G,"6,398","17,205",G,"6,181","-12,042",G,,,,,,
08,Colorado,4:  10-19,"11,857","151,059",G,,97,"6,060",G,717,"9,374",G,620,"-7,654",G,"4,731","16,718",G,"4,325","-12,378",G,,,,,,
08,Colorado,5:  20-99,"12,284","349,354",G,,30,"12,310",G,592,"17,613",G,562,"-15,587",G,"5,094","34,390",G,"4,209","-24,106",G,,,,,,
08,Colorado,6:  100-499,"6,206","273,092",G,,150,"10,557",G,389,"12,203",G,239,"-9,572",G,"2,564","26,086",G,"1,588","-18,160",G,,,,,,
08,Colorado,7:  <500,"112,329","1,021,141",G,,"2,043","54,024",G,"13,888","66,293",G,"11,845","-55,567",G,"30,323","117,689",G,"22,991","-74,391",G,,,,,,
08,Colorado,8:  500+,"22,432","1,069,635",G,,497,"36,908",G,"2,093","46,673",G,"1,596","-28,159",G,"7,039","105,890",G,"6,553","-87,496",G,,,,,,
09,Connecticut,1:  Total,"80,539","1,473,318",G,,80,"11,383",G,"6,821","51,814",G,"6,741","-56,013",G,"21,845","118,453",G,"20,198","-102,871",G,,,,,,
09,Connecticut,2:  1-4,"32,999","70,175",G,,-161,"7,193",G,"4,227","7,467",H,"4,388","-7,581",H,"6,396","12,065",G,"4,221","-4,758",H,,,,,,
09,Connecticut,3:  5-9,"12,756","82,677",G,,-9,"1,442",G,590,"3,754",G,599,"-3,751",G,"3,839","9,217",G,"4,256","-7,778",G,,,,,,
09,Connecticut,4:  10-19,"8,125","103,641",G,,-63,-212,G,285,"3,715",G,348,"-4,439",G,"2,815","9,146",G,"3,133","-8,634",G,,,,,,
09,Connecticut,5:  20-99,"8,202","247,209",G,,-5,"2,884",G,266,"8,587",G,271,"-7,021",G,"3,186","17,811",G,"3,138","-16,493",G,,,,,,
09,Connecticut,6:  100-499,"4,509","217,361",G,,109,"8,254",G,265,"8,843",G,156,"-4,493",G,"1,665","15,836",G,"1,234","-11,932",G,,,,,,
09,Connecticut,7:  <500,"66,591","721,063",G,,-129,"19,561",G,"5,633","32,366",G,"5,762","-27,285",G,"17,901","64,075",G,"15,982","-49,595",G,,,,,,
09,Connecticut,8:  500+,"13,948","752,255",G,,209,"-8,178",G,"1,188","19,448",G,979,"-28,728",G,"3,944","54,378",G,"4,216","-53,276",G,,,,,,
10,Delaware,1:  Total,"21,648","382,090",G,,147,"10,233",G,"2,165","20,040",G,"2,018","-17,670",H,"5,623","39,792",G,"5,141","-31,929",G,,,,,,
10,Delaware,2:  1-4,"8,293","17,065",H,,128,"2,254",H,"1,309","2,380",H,"1,181",0,S,"1,484","2,950",G,931,"-1,030",H,,,,,,
10,Delaware,3:  5-9,"2,996","19,356",G,,9,605,G,194,"1,251",G,185,"-1,153",G,887,"2,358",G,999,"-1,851",G,,,,,,
10,Delaware,4:  10-19,"2,058","26,002",G,,27,821,G,116,"1,532",G,89,"-1,104",G,743,"2,485",G,774,"-2,092",G,,,,,,
10,Delaware,5:  20-99,"2,262","62,327",G,,12,"1,625",G,91,"2,894",G,79,"-1,715",G,812,"4,769",G,801,"-4,323",G,,,,,,
10,Delaware,6:  100-499,"1,222","49,408",G,,2,"1,066",G,46,"2,380",G,44,"-1,510",H,377,"3,418",G,326,"-3,222",G,,,,,,
10,Delaware,7:  <500,"16,831","174,158",G,,178,"6,371",G,"1,756","10,437",G,"1,578","-7,528",G,"4,303","15,980",G,"3,831","-12,518",G,,,,,,
10,Delaware,8:  500+,"4,817","207,932",G,,-31,"3,862",G,409,"9,603",G,440,"-10,142",H,"1,320","23,812",G,"1,310","-19,411",G,,,,,,
11,District of Columbia,1:  Total,"20,348","491,113",G,,182,"3,907",G,"1,933","18,982",G,"1,751","-14,901",G,"5,607","39,330",G,"5,405","-39,504",G,,,,,,
11,District of Columbia,2:  1-4,"6,652","14,088",G,,-9,"1,788",G,915,"1,665",H,924,0,S,"1,253","2,660",G,782,-913,H,,,,,,
11,District of Columbia,3:  5-9,"2,676","17,495",G,,33,"1,110",G,170,"1,114",G,137,-861,G,845,"2,437",G,882,"-1,580",G,,,,,,
11,District of Columbia,4:  10-19,"1,935","24,401",G,,-4,663,G,77,"1,022",G,81,"-1,068",G,702,"2,787",G,765,"-2,078",G,,,,,,
11,District of Columbia,5:  20-99,"2,646","83,260",G,,4,"2,544",G,101,"3,448",G,97,"-2,281",H,997,"7,481",G,"1,022","-6,104",G,,,,,,
11,District of Columbia,6:  100-499,"1,486","94,560",G,,39,"1,082",G,92,"3,507",H,53,"-1,836",G,517,"5,683",G,499,"-6,272",G,,,,,,
11,District of Columbia,7:  <500,"15,395","233,804",G,,63,"7,187",G,"1,355","10,756",G,"1,292","-7,670",G,"4,314","21,048",G,"3,950","-16,947",G,,,,,,
11,District of Columbia,8:  500+,"4,953","257,309",G,,119,"-3,280",G,578,"8,226",G,459,"-7,231",G,"1,293","18,282",G,"1,455","-22,557",G,,,,,,
12,Florida,1:  Total,"450,223","7,132,999",G,,"7,725","298,425",G,"56,624","407,099",G,"48,899","-316,840",G,"113,626","755,570",G,"93,593","-547,404",G,,,,,,
12,Florida,2:  1-4,"228,345","444,907",H,,"5,318","63,605",H,"39,413","67,282",H,"34,095",0,S,"37,771","79,172",G,"23,184","-25,700",H,,,,,,
12,Florida,3:  5-9,"60,468","391,791",G,,610,"16,703",G,"4,715","32,749",G,"4,105","-26,336",G,"18,840","49,738",G,"20,000","-39,448",G,,,,,,
12,Florida,4:  10-19,"34,828","444,576",G,,83,"12,374",G,"2,308","30,602",G,"2,225","-28,291",G,"13,023","48,170",G,"12,777","-38,107",G,,,,,,
12,Florida,5:  20-99,"33,709","994,806",G,,128,"36,606",G,"2,135","66,118",G,"2,007","-57,891",G,"13,281","99,951",G,"11,542","-71,572",G,,,,,,
12,Florida,6:  100-499,"16,576","806,428",G,,185,"22,684",G,"1,128","42,463",G,943,"-35,078",G,"6,044","72,846",G,"4,600","-57,547",G,,,,,,
12,Florida,7:  <500,"373,926","3,082,508",G,,"6,324","151,972",G,"49,699","239,214",G,"43,375","-204,745",G,"88,959","349,877",G,"72,103","-232,374",G,,,,,,
12,Florida,8:  500+,"76,297","4,050,491",G,,"1,401","146,453",G,"6,925","167,885",G,"5,524","-112,095",G,"24,667","405,693",G,"21,490","-315,030",G,,,,,,
13,Georgia,1:  Total,"195,284","3,457,629",G,,"2,397","93,763",G,"21,201","170,465",G,"18,804","-153,757",G,"53,337","330,942",G,"44,706","-253,887",G,,,,,,
13,Georgia,2:  1-4,"83,215","167,764",G,,"1,009","21,064",G,"13,242","23,102",H,"12,233","-20,806",H,"14,572","29,223",G,"9,289","-10,455",H,,,,,,
13,Georgia,3:  5-9,"26,864","174,135",G,,244,"5,895",G,"1,934","12,372",G,"1,690","-10,731",G,"8,389","20,795",G,"8,850","-16,541",G,,,,,,
13,Georgia,4:  10-19,"16,822","215,129",G,,-7,"4,627",G,949,"12,635",G,956,"-12,098",G,"6,260","21,920",G,"6,261","-17,830",G,,,,,,
13,Georgia,5:  20-99,"18,540","535,595",G,,82,"11,557",G,967,"26,327",G,885,"-24,105",G,"7,280","46,524",G,"6,532","-37,189",G,,,,,,
13,Georgia,6:  100-499,"9,463","428,549",G,,39,"15,238",G,490,"17,552",G,451,"-15,033",G,"3,759","42,122",G,"2,427","-29,403",G,,,,,,
13,Georgia,7:  <500,"154,904","1,521,172",G,,"1,367","58,381",G,"17,582","91,988",G,"16,215","-82,773",G,"40,260","160,584",G,"33,359","-111,418",G,,,,,,
13,Georgia,8:  500+,"40,380","1,936,457",G,,"1,030","35,382",G,"3,619","78,477",G,"2,589","-70,984",G,"13,077","170,358",G,"11,347","-142,469",G,,,,,,
15,Hawaii,1:  Total,"29,144","502,494",G,,148,"16,113",G,"2,478","23,269",H,"2,330","-15,982",G,"7,857","40,410",G,"7,144","-31,584",G,,,,,,
15,Hawaii,2:  1-4,"11,484","24,074",G,,-15,"2,745",G,"1,437","2,674",H,"1,452","-2,587",H,"2,039","4,137",G,"1,281","-1,479",H,,,,,,
15,Hawaii,3:  5-9,"4,575","29,581",G,,-21,552,G,257,"1,613",G,278,"-1,729",G,"1,356","3,434",G,"1,517","-2,766",G,,,,,,
15,Hawaii,4:  10-19,"2,889","36,554",G,,-7,-205,G,133,"1,672",G,140,"-1,774",G,982,"3,128",G,"1,145","-3,231",G,,,,,,
15,Hawaii,5:  20-99,"3,382","93,375",G,,36,"1,350",G,145,"4,092",G,109,"-2,954",G,"1,291","6,957",G,"1,217","-6,745",G,,,,,,
15,Hawaii,6:  100-499,"1,851","79,744",G,,24,"3,490",G,76,"2,305",G,52,"-1,614",H,673,"6,861",G,511,"-4,062",G,,,,,,
15,Hawaii,7:  <500,"24,181","263,328",G,,17,"7,932",G,"2,048","12,356",G,"2,031","-10,658",G,"6,341","24,517",G,"5,671","-18,283",G,,,,,,
15,Hawaii,8:  500+,"4,963","239,166",G,,131,"8,181",G,430,"10,913",H,299,"-5,324",H,"1,516","15,893",G,"1,473","-13,301",G,,,,,,
16,Idaho,1:  Total,"37,872","509,917",G,,797,"21,171",G,"4,202","24,356",G,"3,405","-21,179",G,"11,201","54,099",G,"8,573","-36,105",G,,,,,,
16,Idaho,2:  1-4,"17,096","34,935",H,,544,"6,346",H,"2,958",0,S,"2,414",0,S,"3,775","7,577",G,"1,998","-2,320",H,,,,,,
16,Idaho,3:  5-9,"5,897","38,603",G,,68,"1,436",G,410,"2,609",G,342,"-2,168",G,"1,971","4,801",G,"1,966","-3,806",G,,,,,,
16,Idaho,4:  10-19,"3,689","46,142",G,,22,990,G,192,"2,442",H,170,"-2,049",G,"1,447","4,637",G,"1,336","-4,040",G,,,,,,
16,Idaho,5:  20-99,"3,718","93,728",G,,11,"3,048",G,138,"3,512",G,127,"-2,456",G,"1,472","8,660",G,"1,244","-6,668",G,,,,,,
16,Idaho,6:  100-499,"2,076","71,405",G,,9,"2,107",G,84,"2,836",H,75,"-2,405",G,744,"6,254",G,593,"-4,578",G,,,,,,
16,Idaho,7:  <500,"32,476","284,813",G,,654,"13,927",G,"3,782","16,676",G,"3,128","-13,266",G,"9,409","31,929",G,"7,137","-21,412",G,,,,,,
16,Idaho,8:  500+,"5,396","225,104",G,,143,"7,244",G,420,"7,680",G,277,"-7,913",G,"1,792","22,170",G,"1,436","-14,693",G,,,,,,
17,Illinois,1:  Total,"278,863","5,208,548",G,,658,"107,737",G,"25,926","190,149",G,"25,268","-197,836",G,"72,228","471,376",G,"66,358","-355,952",G,,,,,,
17,Illinois,2:  1-4,"121,901","246,672",H,,329,"26,942",H,"17,239","29,045",H,"16,910",0,S,"20,720","41,746",G,"13,484","-15,191",H,,,,,,
17,Illinois,3:  5-9,"39,949","259,017",G,,-18,"3,436",G,"2,044","13,119",G,"2,062","-13,045",G,"11,697","28,138",G,"13,513","-24,776",G,,,,,,
17,Illinois,4:  10-19,"25,625","326,561",G,,-85,"2,288",G,"1,000","13,020",G,"1,085","-13,636",G,"8,978","30,593",G,"10,030","-27,689",G,,,,,,
17,Illinois,5:  20-99,"28,612","845,651",G,,-113,"11,897",G,973,"27,720",G,"1,086","-29,443",G,"10,858","70,257",G,"10,691","-56,637",G,,,,,,
17,Illinois,6:  100-499,"14,726","738,928",G,,161,"14,979",G,752,"23,471",G,591,"-22,085",G,"5,362","60,140",G,"4,392","-46,547",G,,,,,,
17,Illinois,7:  <500,"230,813","2,416,829",G,,274,"59,542",G,"22,008","106,375",G,"21,734","-106,867",G,"57,615","230,874",G,"52,110","-170,840",G,,,,,,
17,Illinois,8:  500+,"48,050","2,791,719",G,,384,"48,195",G,"3,918","83,774",G,"3,534","-90,969",G,"14,613","240,502",G,"14,248","-185,112",G,,,,,,
18,Indiana,1:  Total,"131,624","2,555,675",G,,-214,"46,390",G,"10,537","83,453",G,"10,751","-81,343",G,"37,094","223,555",G,"33,085","-179,275",G,,,,,,
18,Indiana,2:  1-4,"48,839","104,284",G,,-368,"9,936",G,"6,182","11,224",H,"6,550","-11,652",H,"9,290","17,121",G,"5,906","-6,757",G,,,,,,
18,Indiana,3:  5-9,"19,712","128,281",G,,-119,"1,858",G,992,"6,474",G,"1,111","-7,154",G,"5,959","14,194",G,"6,488","-11,656",G,,,,,,
18,Indiana,4:  10-19,"12,823","162,404",G,,-83,"2,084",G,514,"6,817",G,597,"-7,306",G,"4,527","15,864",G,"4,912","-13,291",G,,,,,,
18,Indiana,5:  20-99,"14,620","407,229",G,,-77,"6,246",G,451,"12,525",G,528,"-12,957",G,"5,579","32,851",G,"5,152","-26,173",G,,,,,,
18,Indiana,6:  100-499,"8,510","366,335",G,,98,"10,094",G,352,"10,184",H,254,"-6,721",G,"3,144","28,587",G,"2,389","-21,956",G,,,,,,
18,Indiana,7:  <500,"104,504","1,168,533",G,,-549,"30,218",G,"8,491","47,224",G,"9,040","-45,790",G,"28,499","108,617",G,"24,847","-79,833",G,,,,,,
18,Indiana,8:  500+,"27,120","1,387,142",G,,335,"16,172",G,"2,046","36,229",G,"1,711","-35,553",G,"8,595","114,938",G,"8,238","-99,442",G,,,,,,
19,Iowa,1:  Total,"73,404","1,305,042",G,,-101,"11,841",G,"5,223","36,084",G,"5,324","-35,824",G,"19,756","89,675",G,"18,016","-78,094",G,,,,,,
19,Iowa,2:  1-4,"29,149","61,265",G,,-109,"5,388",G,"3,288","5,714",H,"3,397","-5,927",H,"5,356","9,536",G,"3,462","-3,935",G,,,,,,
19,Iowa,3:  5-9,"10,803","69,918",G,,-13,276,G,482,"3,254",G,495,"-3,193",G,"3,079","6,917",G,"3,611","-6,702",G,,,,,,
19,Iowa,4:  10-19,"7,136","88,078",G,,-5,414,G,269,"3,541",G,274,"-3,317",G,"2,443","7,310",G,"2,751","-7,120",G,,,,,,
19,Iowa,5:  20-99,"8,618","214,005",G,,-71,296,G,221,"5,741",G,292,"-5,609",G,"2,951","14,051",G,"2,983","-13,887",G,,,,,,
19,Iowa,6:  100-499,"5,412","199,830",G,,29,"4,565",G,191,"4,950",H,162,"-3,733",G,"1,986","13,298",G,"1,393","-9,950",G,,,,,,
19,Iowa,7:  <500,"61,118","633,096",G,,-169,"10,939",G,"4,451","23,200",G,"4,620","-21,779",G,"15,815","51,112",G,"14,200","-41,594",G,,,,,,
19,Iowa,8:  500+,"12,286","671,946",G,,68,902,G,772,"12,884",G,704,"-14,045",G,"3,941","38,563",G,"3,816","-36,500",G,,,,,,
20,Kansas,1:  Total,"67,532","1,150,204",G,,393,"26,698",G,"5,782","47,586",G,"5,389","-43,179",G,"18,472","97,247",G,"16,245","-74,956",G,,,,,,
20,Kansas,2:  1-4,"26,959","56,481",G,,204,"6,832",G,"3,570","6,372",H,"3,366","-5,913",H,"5,008","9,934",G,"3,184","-3,561",H,,,,,,
20,Kansas,3:  5-9,"10,024","64,956",G,,76,"1,239",G,566,"3,656",G,490,"-3,061",G,"3,068","6,870",G,"3,374","-6,226",G,,,,,,
20,Kansas,4:  10-19,"6,404","80,548",G,,-10,"1,970",G,271,"3,600",G,281,"-3,387",G,"2,276","8,329",G,"2,405","-6,572",G,,,,,,
20,Kansas,5:  20-99,"7,696","201,085",G,,-64,"3,715",G,261,"7,499",G,325,"-8,156",G,"2,763","16,684",G,"2,560","-12,312",G,,,,,,
20,Kansas,6:  100-499,"4,460","193,012",G,,-21,"1,854",G,166,"4,053",G,187,"-3,620",G,"1,508","11,866",G,"1,177","-10,445",G,,,,,,
20,Kansas,7:  <500,"55,543","596,082",G,,185,"15,610",G,"4,834","25,180",G,"4,649","-24,137",G,"14,623","53,683",G,"12,700","-39,116",G,,,,,,
20,Kansas,8:  500+,"11,989","554,122",G,,208,"11,088",G,948,"22,406",H,740,"-19,042",H,"3,849","43,564",G,"3,545","-35,840",G,,,,,,
21,Kentucky,1:  Total,"83,240","1,507,262",G,,886,"28,981",G,"7,831","69,617",G,"6,945","-50,618",G,"22,279","130,098",G,"21,482","-120,116",G,,,,,,
21,Kentucky,2:  1-4,"31,338","66,490",G,,627,"7,978",G,"4,754","8,683",H,"4,127","-7,431",H,"5,751","11,117",G,"3,821","-4,391",G,,,,,,
21,Kentucky,3:  5-9,"12,262","80,103",G,,-99,-704,G,655,"4,280",G,754,"-4,845",G,"3,422","7,858",G,"4,223","-7,997",G,,,,,,
21,Kentucky,4:  10-19,"7,853","99,072",G,,-38,"-1,086",G,347,"4,299",G,385,"-4,815",G,"2,650","8,480",G,"3,096","-9,050",G,,,,,,
21,Kentucky,5:  20-99,"8,797","236,311",G,,-11,-119,G,318,"8,712",G,329,"-8,824",G,"3,111","16,931",G,"3,254","-16,938",G,,,,,,
21,Kentucky,6:  100-499,"5,212","206,451",G,,-47,"2,133",G,191,"4,534",G,238,"-5,305",G,"1,835","17,596",G,"1,522","-14,692",G,,,,,,
21,Kentucky,7:  <500,"65,462","688,427",G,,432,"8,202",G,"6,265","30,508",G,"5,833","-31,220",G,"16,769","61,982",G,"15,916","-53,068",G,,,,,,
21,Kentucky,8:  500+,"17,778","818,835",G,,454,"20,779",G,"1,566","39,109",H,"1,112","-19,398",G,"5,510","68,116",G,"5,566","-67,048",G,,,,,,
22,Louisiana,1:  Total,"96,588","1,687,796",G,,407,"28,633",G,"8,213","69,644",G,"7,806","-58,767",G,"26,223","144,440",G,"24,750","-126,684",G,,,,,,
22,Louisiana,2:  1-4,"36,739","78,089",G,,-6,"8,902",G,"4,743","8,555",H,"4,749","-8,454",H,"6,584","13,892",G,"4,452","-5,091",H,,,,,,
22,Louisiana,3:  5-9,"15,184","98,855",G,,-55,915,G,833,"5,313",G,888,"-5,616",G,"4,489","10,576",G,"5,092","-9,358",G,,,,,,
22,Louisiana,4:  10-19,"9,670","122,031",G,,19,"1,458",G,450,"5,907",G,431,"-5,140",G,"3,378","11,767",G,"3,843","-11,076",G,,,,,,
22,Louisiana,5:  20-99,"11,309","328,517",G,,43,"6,328",G,421,"13,247",G,378,"-10,062",G,"4,230","28,812",G,"4,285","-25,669",G,,,,,,
22,Louisiana,6:  100-499,"5,728","275,629",G,,273,"3,787",G,507,"12,026",G,234,"-9,231",G,"1,982","21,824",G,"1,755","-20,832",G,,,,,,
22,Louisiana,7:  <500,"78,630","903,121",G,,274,"21,390",G,"6,954","45,048",G,"6,680","-38,503",G,"20,663","86,871",G,"19,427","-72,026",G,,,,,,
22,Louisiana,8:  500+,"17,958","784,675",G,,133,"7,243",G,"1,259","24,596",G,"1,126","-20,264",G,"5,560","57,569",G,"5,323","-54,658",G,,,,,,
23,Maine,1:  Total,"34,948","487,216",G,,160,"5,312",G,"3,140","19,507",G,"2,980","-15,828",G,"9,320","35,738",G,"8,214","-34,105",G,,,,,,
23,Maine,2:  1-4,"15,540","31,940",H,,60,"3,044",H,"2,127","3,701",H,"2,067",0,S,"2,934","5,000",G,"1,890","-2,149",H,,,,,,
23,Maine,3:  5-9,"5,318","34,414",G,,-15,192,G,255,"1,625",G,270,"-1,718",G,"1,627","3,531",G,"1,738","-3,246",G,,,,,,
23,Maine,4:  10-19,"3,256","41,463",G,,12,189,G,128,"1,556",G,116,"-1,421",H,"1,168","3,390",G,"1,238","-3,336",G,,,,,,
23,Maine,5:  20-99,"3,591","93,935",G,,46,"1,080",G,147,"3,280",G,101,"-2,244",G,"1,321","6,435",G,"1,292","-6,391",G,,,,,,
23,Maine,6:  100-499,"2,221","77,147",G,,27,"1,898",G,101,"2,722",G,74,"-1,575",G,833,"5,183",G,583,"-4,432",G,,,,,,
23,Maine,7:  <500,"29,926","278,899",G,,130,"6,403",G,"2,758","12,884",G,"2,628","-10,466",H,"7,883","23,539",G,"6,741","-19,554",G,,,,,,
23,Maine,8:  500+,"5,022","208,317",G,,30,"-1,091",G,382,"6,623",G,352,"-5,362",G,"1,437","12,199",G,"1,473","-14,551",G,,,,,,
24,Maryland,1:  Total,"122,604","2,181,893",G,,848,"31,226",G,"11,663","80,000",G,"10,815","-73,360",G,"32,454","187,535",G,"31,030","-162,949",G,,,,,,
24,Maryland,2:  1-4,"50,038","104,791",G,,21,"10,999",G,"7,055","12,406",H,"7,034",0,S,"8,961","17,716",G,"6,106","-6,995",G,,,,,,
24,Maryland,3:  5-9,"18,442","120,228",G,,71,"2,296",G,"1,027","6,580",G,956,"-6,190",G,"5,538","13,739",G,"6,328","-11,833",G,,,,,,
24,Maryland,4:  10-19,"11,943","152,942",G,,0,"3,023",G,492,"6,308",G,492,"-5,959",G,"4,181","15,838",G,"4,630","-13,164",G,,,,,,
24,Maryland,5:  20-99,"13,015","397,373",G,,86,"5,219",G,503,"13,965",G,417,"-11,897",G,"4,971","32,363",G,"4,997","-29,212",G,,,,,,
24,Maryland,6:  100-499,"6,550","326,115",G,,168,"1,650",G,377,"8,798",G,209,"-6,484",G,"2,377","22,570",G,"1,972","-23,234",G,,,,,,
24,Maryland,7:  <500,"99,988","1,101,449",G,,346,"23,187",G,"9,454","48,057",G,"9,108","-42,658",G,"26,028","102,226",G,"24,033","-84,438",G,,,,,,
24,Maryland,8:  500+,"22,616","1,080,444",G,,502,"8,039",G,"2,209","31,943",G,"1,707","-30,702",G,"6,426","85,309",G,"6,997","-78,511",G,,,,,,
25,Massachusetts,1:  Total,"155,232","3,070,155",G,,"1,125","19,921",G,"13,533","102,298",G,"12,408","-86,825",G,"43,729","232,903",G,"37,889","-228,455",G,,,,,,
25,Massachusetts,2:  1-4,"64,570","136,795",G,,891,"17,361",G,"9,011","15,998",H,"8,120",0,S,"12,621","24,278",G,"7,864","-8,812",H,,,,,,
25,Massachusetts,3:  5-9,"24,352","158,187",G,,19,"3,844",G,"1,147","7,328",G,"1,128","-6,984",G,"7,613","17,828",G,"7,966","-14,328",G,,,,,,
25,Massachusetts,4:  10-19,"15,207","194,867",G,,-41,"3,477",G,523,"6,872",G,564,"-7,063",G,"5,678","18,802",G,"5,668","-15,134",G,,,,,,
25,Massachusetts,5:  20-99,"15,915","485,382",G,,-121,"8,820",G,440,"15,081",G,561,"-14,600",G,"6,416","38,661",G,"5,790","-30,322",G,,,,,,
25,Massachusetts,6:  100-499,"8,697","447,827",G,,56,"10,743",G,364,"10,681",G,308,"-9,100",G,"3,301","34,894",G,"2,444","-25,732",G,,,,,,
25,Massachusetts,7:  <500,"128,741","1,423,058",G,,804,"44,245",G,"11,485","55,960",G,"10,681","-51,850",G,"35,629","134,463",G,"29,732","-94,328",G,,,,,,
25,Massachusetts,8:  500+,"26,491","1,647,097",G,,321,"-24,324",G,"2,048","46,338",G,"1,727","-34,975",G,"8,100","98,440",G,"8,157","-134,127",G,,,,,,
26,Michigan,1:  Total,"194,987","3,535,165",G,,253,"84,357",G,"16,375","123,352",G,"16,122","-122,142",G,"55,043","325,214",G,"48,187","-242,067",G,,,,,,
26,Michigan,2:  1-4,"78,070","166,226",G,,4,"19,843",G,"10,518","18,736",H,"10,514","-18,284",H,"15,256","30,348",G,"9,586","-10,957",G,,,,,,
26,Michigan,3:  5-9,"31,283","204,160",G,,-103,"3,553",G,"1,526","9,968",G,"1,629","-10,402",G,"9,585","22,754",G,"10,243","-18,767",G,,,,,,
26,Michigan,4:  10-19,"19,781","252,077",G,,58,"4,517",G,797,"10,578",G,739,"-9,324",G,"7,192","23,607",G,"7,519","-20,344",G,,,,,,
26,Michigan,5:  20-99,"21,413","614,655",G,,-34,"18,316",G,623,"20,244",G,657,"-17,332",G,"8,526","55,954",G,"7,745","-40,550",G,,,,,,
26,Michigan,6:  100-499,"11,262","537,317",G,,-32,"8,460",G,399,"14,623",G,431,"-20,430",G,"4,354","45,552",G,"3,157","-31,285",G,,,,,,
26,Michigan,7:  <500,"161,809","1,774,435",G,,-107,"54,689",G,"13,863","74,149",G,"13,970","-75,772",G,"44,913","178,215",G,"38,250","-121,903",G,,,,,,
26,Michigan,8:  500+,"33,178","1,760,730",G,,360,"29,668",G,"2,512","49,203",G,"2,152","-46,370",G,"10,130","146,999",G,"9,937","-120,164",G,,,,,,
27,Minnesota,1:  Total,"128,806","2,517,987",G,,"1,239","51,312",G,"11,444","81,731",G,"10,205","-69,196",G,"36,125","202,711",G,"30,367","-163,934",G,,,,,,
27,Minnesota,2:  1-4,"53,246","107,412",G,,515,"13,211",G,"7,360","12,666",H,"6,845",0,S,"9,537","18,551",G,"5,871","-6,630",H,,,,,,
27,Minnesota,3:  5-9,"18,492","120,509",G,,46,"2,807",G,922,"5,966",G,876,"-5,644",G,"5,749","13,466",G,"5,992","-10,981",G,,,,,,
27,Minnesota,4:  10-19,"12,817","162,408",G,,-41,"2,871",G,467,"6,337",G,508,"-6,313",G,"4,812","15,394",G,"4,732","-12,547",G,,,,,,
27,Minnesota,5:  20-99,"14,829","431,701",G,,-22,"8,957",G,498,"14,491",G,520,"-13,674",G,"6,002","34,272",G,"5,126","-26,132",G,,,,,,
27,Minnesota,6:  100-499,"8,344","384,511",G,,136,"13,469",G,377,"8,961",G,241,"-8,188",G,"3,207","32,564",G,"2,402","-19,868",G,,,,,,
27,Minnesota,7:  <500,"107,728","1,206,541",G,,634,"41,315",G,"9,624","48,421",G,"8,990","-45,195",G,"29,307","114,247",G,"24,123","-76,158",G,,,,,,
27,Minnesota,8:  500+,"21,078","1,311,446",G,,605,"9,997",G,"1,820","33,310",G,"1,215","-24,001",G,"6,818","88,464",G,"6,244","-87,776",G,,,,,,
28,Mississippi,1:  Total,"54,654","902,544",G,,122,"9,021",G,"4,405","31,133",G,"4,283","-27,366",G,"14,443","68,191",G,"14,018","-62,937",G,,,,,,
28,Mississippi,2:  1-4,"20,988","44,930",G,,-166,"4,244",G,"2,543","4,751",H,"2,709","-4,826",H,"3,940","7,367",G,"2,646","-3,048",G,,,,,,
28,Mississippi,3:  5-9,"8,523","55,132",G,,27,322,G,499,"3,266",G,472,"-3,021",G,"2,377","5,511",G,"2,916","-5,434",G,,,,,,
28,Mississippi,4:  10-19,"5,092","62,993",G,,31,423,G,244,"3,120",G,213,"-2,436",G,"1,760","5,373",G,"1,992","-5,634",G,,,,,,
28,Mississippi,5:  20-99,"5,485","145,267",G,,6,768,G,223,"6,820",G,217,"-4,976",G,"1,750","10,025",G,"2,103","-11,101",G,,,,,,
28,Mississippi,6:  100-499,"3,236","117,157",G,,55,"3,086",G,154,"3,868",G,99,"-2,676",H,"1,117","9,908",G,874,"-8,014",G,,,,,,
28,Mississippi,7:  <500,"43,324","425,479",G,,-47,"8,843",G,"3,663","21,825",G,"3,710","-17,935",G,"10,944","38,184",G,"10,531","-33,231",G,,,,,,
28,Mississippi,8:  500+,"11,330","477,065",G,,169,178,G,742,"9,308",G,573,"-9,431",G,"3,499","30,007",G,"3,487","-29,706",G,,,,,,
29,Missouri,1:  Total,"135,397","2,354,892",G,,"2,980","49,052",G,"15,434","93,500",G,"12,454","-75,217",G,"35,970","192,405",G,"32,636","-161,636",G,,,,,,
29,Missouri,2:  1-4,"56,701","114,816",G,,"2,504","15,101",H,"11,027",0,S,"8,523","-14,099",H,"10,044","19,136",G,"6,735","-7,553",H,,,,,,
29,Missouri,3:  5-9,"18,553","120,389",G,,-14,"1,992",G,"1,016","6,686",G,"1,030","-6,664",G,"5,606","13,614",G,"6,240","-11,644",G,,,,,,
29,Missouri,4:  10-19,"12,404","156,391",G,,-26,"3,128",G,518,"6,750",G,544,"-6,789",G,"4,329","16,627",G,"4,742","-13,460",G,,,,,,
29,Missouri,5:  20-99,"14,591","402,461",G,,-71,"3,234",G,474,"13,619",G,545,"-13,481",G,"5,382","30,362",G,"5,242","-27,266",G,,,,,,
29,Missouri,6:  100-499,"7,793","315,682",G,,75,"5,929",G,332,"9,771",G,257,"-7,488",G,"2,615","21,753",G,"2,082","-18,107",G,,,,,,
29,Missouri,7:  <500,"110,042","1,109,739",G,,"2,468","29,384",G,"13,367","54,443",G,"10,899","-48,521",G,"27,976","101,492",G,"25,041","-78,030",G,,,,,,
29,Missouri,8:  500+,"25,355","1,245,153",G,,512,"19,668",G,"2,067","39,057",G,"1,555","-26,696",G,"7,994","90,913",G,"7,595","-83,606",G,,,,,,
30,Montana,1:  Total,"31,656","349,950",G,,246,"13,028",G,"3,131","15,258",G,"2,885","-11,570",G,"8,282","33,838",G,"7,401","-24,498",G,,,,,,
30,Montana,2:  1-4,"15,300","31,245",G,,124,"3,976",G,"2,297",0,S,"2,173",0,S,"3,038","5,761",G,"1,853","-2,078",H,,,,,,
30,Montana,3:  5-9,"5,261","34,259",G,,17,344,G,279,"1,849",G,262,"-1,664",G,"1,659","3,623",G,"1,826","-3,464",G,,,,,,
30,Montana,4:  10-19,"3,074","38,488",G,,-13,-45,G,104,"1,421",G,117,"-1,388",G,"1,064","3,296",G,"1,226","-3,374",G,,,,,,
30,Montana,5:  20-99,"2,908","74,708",G,,-15,317,G,87,"2,537",G,102,"-2,182",H,"1,022","4,924",G,"1,035","-4,962",G,,,,,,
30,Montana,6:  100-499,"1,525","56,989",G,,40,-165,G,83,"1,158",H,43,"-1,130",G,520,"3,569",G,471,"-3,762",G,,,,,,
30,Montana,7:  <500,"28,068","235,689",G,,153,"4,427",G,"2,850","10,922",G,"2,697","-10,028",G,"7,303","21,173",G,"6,411","-17,640",G,,,,,,
30,Montana,8:  500+,"3,588","114,261",G,,93,"8,601",G,281,"4,336",G,188,"-1,542",G,979,"12,665",G,990,"-6,858",G,,,,,,
31,Nebraska,1:  Total,"47,563","829,998",G,,507,"19,266",G,"3,944","24,756",G,"3,437","-25,409",G,"12,789","67,803",G,"11,353","-47,884",G,,,,,,
31,Nebraska,2:  1-4,"19,888","40,855",H,,287,"5,034",H,"2,486",0,S,"2,199",0,S,"3,610","7,049",G,"2,271","-2,575",H,,,,,,
31,Nebraska,3:  5-9,"7,118","46,161",G,,32,836,G,363,"2,328",G,331,"-2,113",G,"2,113","5,116",G,"2,443","-4,495",G,,,,,,
31,Nebraska,4:  10-19,"4,473","56,049",G,,52,"1,390",G,203,"2,635",G,151,"-1,865",G,"1,627","5,028",G,"1,661","-4,408",G,,,,,,
31,Nebraska,5:  20-99,"5,284","137,713",G,,38,"1,774",G,216,"5,481",G,178,"-4,125",G,"1,944","9,630",G,"1,831","-9,212",G,,,,,,
31,Nebraska,6:  100-499,"3,148","113,156",G,,19,"3,178",G,150,"2,693",G,131,"-2,780",G,"1,112","9,079",G,810,"-5,814",G,,,,,,
31,Nebraska,7:  <500,"39,911","393,934",G,,428,"12,212",G,"3,418","17,461",G,"2,990","-14,647",G,"10,406","35,902",G,"9,016","-26,504",G,,,,,,
31,Nebraska,8:  500+,"7,652","436,064",G,,79,"7,054",G,526,"7,295",G,447,"-10,762",G,"2,383","31,901",G,"2,337","-21,380",G,,,,,,
32,Nevada,1:  Total,"53,080","1,047,509",G,,"1,334","44,379",G,"7,076","62,812",G,"5,742","-42,367",G,"15,696","99,346",G,"12,496","-75,412",G,,,,,,
32,Nevada,2:  1-4,"21,222","43,036",G,,707,"9,588",G,"4,378","7,902",H,"3,671","-6,382",H,"4,318","10,842",G,"2,422","-2,774",H,,,,,,
32,Nevada,3:  5-9,"7,513","49,100",G,,208,"4,774",G,773,"5,073",G,565,"-3,578",G,"2,573","8,062",G,"2,444","-4,783",G,,,,,,
32,Nevada,4:  10-19,"5,014","62,978",G,,76,"3,302",G,368,"4,961",G,292,"-3,713",G,"1,932","7,923",G,"1,884","-5,869",G,,,,,,
32,Nevada,5:  20-99,"5,309","147,050",G,,64,"3,047",G,341,"10,027",G,277,"-8,232",G,"2,117","14,067",G,"1,838","-12,815",G,,,,,,
32,Nevada,6:  100-499,"2,949","125,862",G,,124,"6,885",G,300,"11,042",G,176,"-5,722",G,"1,111","11,072",G,804,"-9,507",G,,,,,,
32,Nevada,7:  <500,"42,007","428,026",G,,"1,179","27,596",G,"6,160","39,005",G,"4,981","-27,627",G,"12,051","51,966",G,"9,392","-35,748",G,,,,,,
32,Nevada,8:  500+,"11,073","619,483",G,,155,"16,783",G,916,"23,807",H,761,"-14,740",G,"3,645","47,380",G,"3,104","-39,664",G,,,,,,
33,New Hampshire,1:  Total,"33,827","551,698",G,,160,"11,571",G,"2,883","24,903",G,"2,723","-17,738",G,"9,553","40,306",G,"8,272","-35,900",G,,,,,,
33,New Hampshire,2:  1-4,"13,736","29,279",G,,-46,"3,351",G,"1,718",0,S,"1,764",0,S,"2,870","5,326",G,"1,786","-2,007",H,,,,,,
33,New Hampshire,3:  5-9,"5,386","35,066",G,,-9,649,G,227,"1,432",G,236,"-1,495",G,"1,655","3,874",G,"1,774","-3,162",G,,,,,,
33,New Hampshire,4:  10-19,"3,390","42,922",G,,4,832,G,130,"1,756",G,126,"-1,628",G,"1,270","4,009",G,"1,244","-3,305",G,,,,,,
33,New Hampshire,5:  20-99,"3,535","100,022",G,,-36,-160,G,100,"2,421",G,136,"-3,279",G,"1,383","6,854",G,"1,270","-6,156",G,,,,,,
33,New Hampshire,6:  100-499,"1,833","79,324",G,,119,"2,661",G,204,"2,975",G,85,"-1,689",G,628,"5,944",G,481,"-4,569",G,,,,,,
33,New Hampshire,7:  <500,"27,880","286,613",G,,32,"7,333",G,"2,379","11,646",G,"2,347","-11,121",G,"7,806","26,007",G,"6,555","-19,199",G,,,,,,
33,New Hampshire,8:  500+,"5,947","265,085",G,,128,"4,238",G,504,"13,257",H,376,"-6,617",G,"1,747","14,299",G,"1,717","-16,701",G,,,,,,
34,New Jersey,1:  Total,"205,747","3,491,860",G,,626,"27,402",G,"21,108","148,266",G,"20,482","-136,219",G,"52,921","293,900",G,"49,722","-278,545",G,,,,,,
34,New Jersey,2:  1-4,"97,003","203,798",G,,42,"21,716",G,"14,363","25,888",H,"14,321","-25,037",H,"17,571","34,099",G,"11,662","-13,234",H,,,,,,
34,New Jersey,3:  5-9,"31,812","206,675",G,,80,"3,268",G,"1,942","12,347",G,"1,862","-11,805",G,"9,342","23,257",G,"10,977","-20,531",G,,,,,,
34,New Jersey,4:  10-19,"19,250","248,104",G,,2,"1,738",G,935,"12,353",G,933,"-11,695",G,"6,769","23,241",G,"7,562","-22,161",G,,,,,,
34,New Jersey,5:  20-99,"19,058","606,416",G,,55,"4,656",G,779,"23,670",G,724,"-21,922",G,"7,283","48,235",G,"7,561","-45,327",G,,,,,,
34,New Jersey,6:  100-499,"8,026","484,055",G,,29,"5,036",G,429,"17,061",G,400,"-17,123",G,"3,106","34,899",G,"2,358","-29,801",G,,,,,,
34,New Jersey,7:  <500,"175,149","1,749,048",G,,208,"36,414",G,"18,448","91,319",G,"18,240","-87,582",G,"44,071","163,731",G,"40,120","-131,054",G,,,,,,
34,New Jersey,8:  500+,"30,598","1,742,812",G,,418,"-9,012",G,"2,660","56,947",G,"2,242","-48,637",G,"8,850","130,169",G,"9,602","-147,491",G,,,,,,
35,New Mexico,1:  Total,"40,100","597,926",G,,-56,"4,723",G,"3,530","25,823",G,"3,586","-20,768",G,"11,185","48,383",G,"10,341","-48,715",G,,,,,,
35,New Mexico,2:  1-4,"15,916","33,426",G,,-156,"3,586",G,"2,192","4,020",H,"2,348","-4,084",H,"3,191","6,098",G,"2,092","-2,448",G,,,,,,
35,New Mexico,3:  5-9,"5,985","38,917",G,,-14,598,G,335,"2,144",G,349,"-2,227",G,"1,795","4,808",G,"2,141","-4,127",G,,,,,,
35,New Mexico,4:  10-19,"3,920","50,198",G,,-2,488,G,169,"2,348",G,171,"-2,138",G,"1,413","4,734",G,"1,548","-4,456",G,,,,,,
35,New Mexico,5:  20-99,"4,404","118,251",G,,-12,220,G,159,"4,675",G,171,"-4,331",G,"1,569","9,145",G,"1,649","-9,269",G,,,,,,
35,New Mexico,6:  100-499,"2,318","90,776",G,,6,"1,513",G,105,"3,451",G,99,"-2,085",G,864,"6,395",G,645,"-6,248",G,,,,,,
35,New Mexico,7:  <500,"32,543","331,568",G,,-178,"6,405",G,"2,960","16,638",G,"3,138","-14,865",G,"8,832","31,180",G,"8,075","-26,548",G,,,,,,
35,New Mexico,8:  500+,"7,557","266,358",G,,122,"-1,682",G,570,"9,185",G,448,"-5,903",G,"2,353","17,203",G,"2,266","-22,167",G,,,,,,
36,New York,1:  Total,"470,884","7,686,377",G,,"4,254","172,294",G,"49,904","354,478",G,"45,650","-294,805",G,"117,482","678,689",G,"104,962","-566,068",G,,,,,,
36,New York,2:  1-4,"240,792","490,366",G,,"2,465","58,917",G,"35,471","63,019",H,"33,006","-57,112",H,"40,598","81,040",G,"25,290","-28,030",H,,,,,,
36,New York,3:  5-9,"69,673","451,782",G,,384,"12,981",G,"4,377","28,184",G,"3,993","-25,444",G,"20,765","52,819",G,"22,918","-42,578",G,,,,,,
36,New York,4:  10-19,"41,870","538,547",G,,146,"10,840",G,"2,158","28,494",G,"2,012","-25,413",G,"15,102","54,861",G,"16,133","-47,102",G,,,,,,
36,New York,5:  20-99,"40,840","1,279,920",G,,18,"14,492",G,"1,760","57,212",G,"1,742","-52,680",G,"15,707","107,272",G,"16,071","-97,312",G,,,,,,
36,New York,6:  100-499,"18,890","1,130,944",G,,347,"21,536",G,"1,027","46,414",G,680,"-33,460",G,"7,284","88,464",G,"5,849","-79,882",G,,,,,,
36,New York,7:  <500,"412,065","3,891,559",G,,"3,360","118,766",G,"44,793","223,323",G,"41,433","-194,109",G,"99,456","384,456",G,"86,261","-294,904",G,,,,,,
36,New York,8:  500+,"58,819","3,794,818",G,,894,"53,528",G,"5,111","131,155",G,"4,217","-100,696",G,"18,026","294,233",G,"18,701","-271,164",G,,,,,,
37,North Carolina,1:  Total,"198,457","3,420,692",G,,651,"137,782",G,"18,511","130,886",G,"17,860","-128,623",G,"54,036","373,328",G,"47,251","-237,809",G,,,,,,
37,North Carolina,2:  1-4,"80,700","165,302",G,,291,"19,780",G,"11,786","20,531",H,"11,495","-19,926",H,"14,815","29,642",G,"9,304","-10,467",H,,,,,,
37,North Carolina,3:  5-9,"28,754","186,989",G,,-27,"4,070",G,"1,623","10,461",G,"1,650","-10,525",G,"8,705","21,433",G,"9,321","-17,299",G,,,,,,
37,North Carolina,4:  10-19,"18,076","228,510",G,,3,"2,888",G,866,"11,400",G,863,"-10,739",G,"6,442","21,173",G,"6,793","-18,946",G,,,,,,
37,North Carolina,5:  20-99,"20,428","558,105",G,,-128,"5,897",G,769,"22,237",G,897,"-23,590",G,"7,678","44,446",G,"7,175","-37,196",G,,,,,,
37,North Carolina,6:  100-499,"10,503","434,842",G,,137,"10,062",G,537,"15,519",G,400,"-12,623",G,"3,541","34,668",G,"2,982","-27,502",G,,,,,,
37,North Carolina,7:  <500,"158,461","1,573,748",G,,276,"42,697",G,"15,581","80,148",G,"15,305","-77,403",G,"41,181","151,362",G,"35,575","-111,410",G,,,,,,
37,North Carolina,8:  500+,"39,996","1,846,944",G,,375,"95,085",G,"2,930","50,738",G,"2,555","-51,220",G,"12,855","221,966",G,"11,676","-126,399",G,,,,,,
38,North Dakota,1:  Total,"21,443","342,676",G,,567,"17,970",G,"2,298","20,191",G,"1,731","-11,166",G,"6,285","34,398",G,"5,377","-25,453",G,,,,,,
38,North Dakota,2:  1-4,"8,531","17,748",G,,269,"2,938",G,"1,430","2,553",H,"1,161","-2,070",H,"1,727","3,623",G,"1,016","-1,168",H,,,,,,
38,North Dakota,3:  5-9,"3,377","22,096",G,,38,805,G,228,"1,468",G,190,"-1,244",G,"1,059","2,800",G,"1,177","-2,219",G,,,,,,
38,North Dakota,4:  10-19,"2,279","28,485",G,,16,864,G,115,"1,509",G,99,"-1,237",G,837,"3,116",G,862,"-2,524",G,,,,,,
38,North Dakota,5:  20-99,"2,751","72,263",G,,44,"2,793",G,114,"3,157",H,70,"-1,854",G,"1,025","6,973",G,999,"-5,483",G,,,,,,
38,North Dakota,6:  100-499,"1,478","58,954",G,,89,"6,037",G,115,"4,095",H,26,-525,G,683,"5,789",G,408,"-3,322",G,,,,,,
38,North Dakota,7:  <500,"18,416","199,546",G,,456,"13,437",G,"2,002","12,782",G,"1,546","-6,930",G,"5,331","22,301",G,"4,462","-14,716",G,,,,,,
38,North Dakota,8:  500+,"3,027","143,130",G,,111,"4,533",G,296,"7,409",G,185,"-4,236",G,954,"12,097",G,915,"-10,737",G,,,,,,
39,Ohio,1:  Total,"229,916","4,586,326",G,,222,"47,128",G,"17,834","158,296",G,"17,612","-134,491",G,"63,581","372,237",G,"59,391","-348,914",G,,,,,,
39,Ohio,2:  1-4,"82,276","178,199",G,,-761,"18,530",G,"9,720","17,780",H,"10,481","-18,704",H,"15,471","30,904",G,"10,128","-11,450",G,,,,,,
39,Ohio,3:  5-9,"34,798","226,996",G,,-57,"4,181",G,"1,689","10,853",G,"1,746","-11,156",G,"10,157","25,160",G,"11,465","-20,676",G,,,,,,
39,Ohio,4:  10-19,"23,448","296,925",G,,-75,"1,913",G,875,"11,505",G,950,"-11,925",G,"8,207","26,333",G,"8,938","-24,000",G,,,,,,
39,Ohio,5:  20-99,"26,654","755,301",G,,-4,"8,802",G,926,"25,466",G,930,"-24,542",G,"9,937","56,448",G,"9,652","-48,570",G,,,,,,
39,Ohio,6:  100-499,"14,263","660,597",G,,163,"14,885",G,740,"21,517",G,577,"-15,375",H,"5,098","50,319",G,"4,253","-41,576",G,,,,,,
39,Ohio,7:  <500,"181,439","2,118,018",G,,-734,"48,311",G,"13,950","87,121",G,"14,684","-81,702",G,"48,870","189,164",G,"44,436","-146,272",G,,,,,,
39,Ohio,8:  500+,"48,477","2,468,308",G,,956,"-1,183",G,"3,884","71,175",G,"2,928","-52,789",G,"14,711","183,073",G,"14,955","-202,642",G,,,,,,
40,Oklahoma,1:  Total,"84,089","1,325,530",G,,616,"35,645",G,"7,669","55,776",G,"7,053","-48,869",G,"22,175","124,083",G,"20,618","-95,345",G,,,,,,
40,Oklahoma,2:  1-4,"35,177","72,467",G,,175,"8,449",G,"4,849","8,797",H,"4,674","-8,264",H,"6,139","12,526",G,"4,108","-4,610",H,,,,,,
40,Oklahoma,3:  5-9,"12,576","81,960",G,,57,"1,023",G,799,"5,109",G,742,"-4,733",G,"3,675","8,834",G,"4,391","-8,187",G,,,,,,
40,Oklahoma,4:  10-19,"7,813","98,636",G,,-19,"2,971",G,339,"4,573",G,358,"-4,492",G,"2,763","11,523",G,"3,105","-8,633",G,,,,,,
40,Oklahoma,5:  20-99,"8,808","245,689",G,,28,"3,490",G,354,"9,978",G,326,"-9,007",G,"3,229","20,560",G,"3,225","-18,041",G,,,,,,
40,Oklahoma,6:  100-499,"4,844","200,499",G,,164,"3,948",G,351,"8,722",G,187,"-7,648",G,"1,630","16,834",G,"1,408","-13,960",G,,,,,,
40,Oklahoma,7:  <500,"69,218","699,251",G,,405,"19,881",G,"6,692","37,179",G,"6,287","-34,144",G,"17,436","70,277",G,"16,237","-53,431",G,,,,,,
40,Oklahoma,8:  500+,"14,871","626,279",G,,211,"15,764",G,977,"18,597",G,766,"-14,725",G,"4,739","53,806",G,"4,381","-41,914",G,,,,,,
41,Oregon,1:  Total,"97,659","1,396,238",G,,"1,249","47,531",G,"9,785","58,206",G,"8,536","-44,978",G,"28,565","132,004",G,"22,654","-97,701",G,,,,,,
41,Oregon,2:  1-4,"42,476","87,898",G,,826,"13,831",G,"6,755","11,947",H,"5,929","-10,112",H,"8,981","17,885",G,"5,198","-5,889",H,,,,,,
41,Oregon,3:  5-9,"15,428","100,166",G,,88,"3,356",G,872,"5,589",G,784,"-4,991",G,"5,111","12,275",G,"5,118","-9,517",G,,,,,,
41,Oregon,4:  10-19,"9,758","123,160",G,,-17,"3,502",G,385,"4,988",G,402,"-4,893",G,"3,725","13,175",G,"3,602","-9,768",G,,,,,,
41,Oregon,5:  20-99,"9,839","261,059",G,,8,"6,269",G,329,"8,089",G,321,"-7,461",G,"4,060","22,044",G,"3,285","-16,403",G,,,,,,
41,Oregon,6:  100-499,"5,960","205,047",G,,149,"8,622",G,317,"5,733",G,168,"-3,216",G,"2,280","17,595",G,"1,385","-11,490",G,,,,,,
41,Oregon,7:  <500,"83,461","777,330",G,,"1,054","35,580",G,"8,658","36,346",G,"7,604","-30,673",G,"24,157","82,974",G,"18,588","-53,067",G,,,,,,
41,Oregon,8:  500+,"14,198","618,908",G,,195,"11,951",G,"1,127","21,860",G,932,"-14,305",G,"4,408","49,030",G,"4,066","-44,634",G,,,,,,
42,Pennsylvania,1:  Total,"274,134","5,180,323",G,,138,"74,926",G,"22,259","190,655",G,"22,121","-168,203",G,"71,008","402,786",G,"70,410","-350,312",G,,,,,,
42,Pennsylvania,2:  1-4,"107,686","230,533",G,,-354,"22,226",G,"13,273","24,086",H,"13,627","-24,176",H,"18,955","37,001",G,"12,928","-14,685",G,,,,,,
42,Pennsylvania,3:  5-9,"42,295","274,838",G,,-11,"1,556",G,"2,043","13,129",G,"2,054","-13,103",G,"11,850","27,225",G,"14,200","-25,695",G,,,,,,
42,Pennsylvania,4:  10-19,"26,732","340,758",G,,-84,942,G,"1,018","13,370",G,"1,102","-13,632",G,"9,259","29,491",G,"10,444","-28,287",G,,,,,,
42,Pennsylvania,5:  20-99,"29,633","860,707",G,,6,"5,996",G,"1,000","28,175",G,994,"-25,729",G,"10,871","62,549",G,"11,393","-58,999",G,,,,,,
42,Pennsylvania,6:  100-499,"15,288","722,008",G,,302,"14,904",G,830,"24,195",G,528,"-17,998",G,"5,375","52,578",G,"4,705","-43,871",G,,,,,,
42,Pennsylvania,7:  <500,"221,634","2,428,844",G,,-141,"45,624",G,"18,164","102,955",G,"18,305","-94,638",G,"56,310","208,844",G,"53,670","-171,537",G,,,,,,
42,Pennsylvania,8:  500+,"52,500","2,751,479",G,,279,"29,302",G,"4,095","87,700",G,"3,816","-73,565",G,"14,698","193,942",G,"16,740","-178,775",G,,,,,,
44,Rhode Island,1:  Total,"25,071","408,371",G,,19,"12,927",G,"2,218","17,577",G,"2,199","-12,657",G,"6,678","33,888",G,"6,171","-25,881",G,,,,,,
44,Rhode Island,2:  1-4,"10,978","23,122",G,,-82,"1,859",G,"1,454","2,578",H,"1,536","-2,693",H,"1,993","3,585",G,"1,404","-1,611",H,,,,,,
44,Rhode Island,3:  5-9,"3,978","25,784",G,,-8,495,G,182,"1,156",G,190,"-1,188",G,"1,226","2,887",G,"1,273","-2,360",G,,,,,,
44,Rhode Island,4:  10-19,"2,477","32,097",G,,-3,639,G,102,"1,403",G,105,"-1,382",G,904,"3,045",G,950,"-2,427",G,,,,,,
44,Rhode Island,5:  20-99,"2,529","77,181",G,,2,649,G,76,"2,499",G,74,"-1,934",G,966,"5,152",G,998,"-5,068",G,,,,,,
44,Rhode Island,6:  100-499,"1,339","65,349",G,,5,"1,673",G,43,"1,081",G,38,-559,G,483,"4,789",G,425,"-3,638",G,,,,,,
44,Rhode Island,7:  <500,"21,301","223,533",G,,-86,"5,315",G,"1,857","8,717",G,"1,943","-7,756",G,"5,572","19,458",G,"5,050","-15,104",G,,,,,,
44,Rhode Island,8:  500+,"3,770","184,838",G,,105,"7,612",G,361,0,D,256,"-4,901",G,"1,106","14,430",G,"1,121","-10,777",G,,,,,,
45,South Carolina,1:  Total,"93,033","1,583,018",G,,523,"35,078",G,"8,557","65,891",G,"8,034","-60,925",G,"25,882","136,882",G,"22,441","-106,770",G,,,,,,
45,South Carolina,2:  1-4,"36,740","77,380",G,,117,"8,723",G,"5,252","9,429",H,"5,135",0,S,"6,936","13,460",G,"4,540","-5,074",H,,,,,,
45,South Carolina,3:  5-9,"13,791","89,119",G,,73,"1,684",G,862,"5,483",G,789,"-4,999",G,"4,149","9,667",G,"4,595","-8,467",G,,,,,,
45,South Carolina,4:  10-19,"8,752","110,388",G,,-32,"1,647",G,385,"4,960",G,417,"-5,063",G,"3,171","10,448",G,"3,269","-8,698",G,,,,,,
45,South Carolina,5:  20-99,"9,106","255,710",G,,13,"6,246",G,408,"12,885",G,395,"-9,586",G,"3,407","20,761",G,"3,267","-17,814",G,,,,,,
45,South Carolina,6:  100-499,"5,112","210,470",G,,98,"6,414",G,284,"8,373",G,186,"-5,158",G,"1,808","16,347",G,"1,410","-13,148",G,,,,,,
45,South Carolina,7:  <500,"73,501","743,067",G,,269,"24,714",G,"7,191","41,130",G,"6,922","-33,898",G,"19,471","70,683",G,"17,081","-53,201",G,,,,,,
45,South Carolina,8:  500+,"19,532","839,951",G,,254,"10,364",G,"1,366","24,761",G,"1,112","-27,027",H,"6,411","66,199",G,"5,360","-53,569",G,,,,,,
46,South Dakota,1:  Total,"23,461","340,455",G,,45,"7,415",G,"1,880","11,183",G,"1,835","-9,086",G,"6,536","27,236",G,"5,566","-21,918",G,,,,,,
46,South Dakota,2:  1-4,"10,059","21,003",G,,12,"2,465",G,"1,301",0,S,"1,289","-2,201",H,"2,090","3,767",G,"1,230","-1,380",H,,,,,,
46,South Dakota,3:  5-9,"3,751","24,258",G,,-24,4,G,184,"1,182",G,208,"-1,329",G,"1,118","2,403",G,"1,249","-2,252",G,,,,,,
46,South Dakota,4:  10-19,"2,420","30,023",G,,-5,105,G,97,"1,210",H,102,"-1,194",G,862,"2,546",G,912,"-2,457",G,,,,,,
46,South Dakota,5:  20-99,"2,610","66,486",G,,10,"1,039",G,80,"2,354",G,70,"-1,576",H,888,"4,438",G,951,"-4,177",G,,,,,,
46,South Dakota,6:  100-499,"1,657","58,280",G,,16,"2,803",G,50,"1,391",G,34,0,D,616,"4,390",G,381,"-2,459",G,,,,,,
46,South Dakota,7:  <500,"20,497","200,050",G,,9,"6,416",G,"1,712","8,416",G,"1,703","-6,819",H,"5,574","17,544",G,"4,723","-12,725",G,,,,,,
46,South Dakota,8:  500+,"2,964","140,405",G,,36,999,G,168,"2,767",G,132,"-2,267",G,962,"9,692",G,843,"-9,193",G,,,,,,
47,Tennessee,1:  Total,"121,755","2,393,779",G,,493,"58,287",G,"10,924","93,836",G,"10,431","-81,056",G,"34,945","212,663",G,"31,119","-167,156",G,,,,,,
47,Tennessee,2:  1-4,"43,890","95,251",G,,-197,"10,896",G,"5,887","11,183",H,"6,084","-11,140",H,"8,983","17,529",G,"5,832","-6,676",H,,,,,,
47,Tennessee,3:  5-9,"17,944","116,634",G,,3,"2,233",G,"1,153","7,304",G,"1,150","-7,289",G,"5,311","13,381",G,"5,875","-11,163",G,,,,,,
47,Tennessee,4:  10-19,"11,395","143,711",G,,-38,"2,292",G,545,"7,197",G,583,"-7,224",G,"4,117","14,260",G,"4,234","-11,941",G,,,,,,
47,Tennessee,5:  20-99,"13,219","364,463",G,,29,"7,115",G,582,"15,438",G,553,"-12,830",G,"4,977","29,875",G,"4,703","-25,368",G,,,,,,
47,Tennessee,6:  100-499,"7,534","316,812",G,,97,"7,940",G,374,"10,102",G,277,"-7,588",G,"2,714","26,864",G,"2,138","-21,438",G,,,,,,
47,Tennessee,7:  <500,"93,982","1,036,871",G,,-106,"30,476",G,"8,541","51,224",G,"8,647","-46,071",G,"26,102","101,909",G,"22,782","-76,586",G,,,,,,
47,Tennessee,8:  500+,"27,773","1,356,908",G,,599,"27,811",G,"2,383","42,612",G,"1,784","-34,985",G,"8,843","110,754",G,"8,337","-90,570",G,,,,,,
48,Texas,1:  Total,"499,502","9,661,505",G,,"9,626","259,070",G,"55,005","507,653",G,"45,379","-423,323",G,"143,978","958,693",G,"124,471","-783,953",G,,,,,,
48,Texas,2:  1-4,"193,537","407,424",G,,"4,391","65,575",G,"31,573","58,619",H,"27,182","-48,415",H,"37,995","82,195",G,"23,580","-26,824",H,,,,,,
48,Texas,3:  5-9,"73,194","475,063",G,,"1,236","24,780",G,"5,778","37,246",G,"4,542","-28,917",G,"22,904","62,989",G,"24,547","-46,538",G,,,,,,
48,Texas,4:  10-19,"47,832","608,932",G,,434,"23,103",G,"2,989","39,379",G,"2,555","-31,668",G,"17,710","68,341",G,"18,160","-52,949",G,,,,,,
48,Texas,5:  20-99,"53,016","1,559,883",G,,611,"60,703",G,"3,010","90,319",G,"2,399","-66,602",G,"20,879","155,193",G,"19,173","-118,207",G,,,,,,
48,Texas,6:  100-499,"27,280","1,353,767",G,,578,"44,980",G,"1,854","65,358",G,"1,276","-50,268",G,"10,902","133,839",G,"7,507","-103,949",G,,,,,,
48,Texas,7:  <500,"394,859","4,405,069",G,,"7,250","219,141",G,"45,204","290,921",G,"37,954","-225,870",G,"110,390","502,557",G,"92,967","-348,467",G,,,,,,
48,Texas,8:  500+,"104,643","5,256,436",G,,"2,376","39,929",G,"9,801","216,732",G,"7,425","-197,453",G,"33,588","456,136",G,"31,504","-435,486",G,,,,,,
49,Utah,1:  Total,"62,345","1,101,263",G,,"1,414","47,466",G,"7,573","61,652",G,"6,159","-40,197",G,"17,977","109,247",G,"14,030","-83,236",G,,,,,,
49,Utah,2:  1-4,"27,762","53,852",H,,"1,041","11,633",H,"5,169","8,849",H,"4,128",0,S,"5,345","12,981",G,"2,862","-3,298",H,,,,,,
49,Utah,3:  5-9,"9,015","58,879",G,,159,"3,866",G,706,"4,599",G,547,"-3,530",G,"3,128","8,509",G,"2,952","-5,712",G,,,,,,
49,Utah,4:  10-19,"5,960","76,613",G,,32,"3,055",G,360,"4,683",G,328,"-4,244",G,"2,365","9,246",G,"2,197","-6,630",G,,,,,,
49,Utah,5:  20-99,"6,381","183,135",G,,17,"8,902",G,325,"9,618",G,308,"-8,507",G,"2,630","20,469",G,"2,181","-12,678",G,,,,,,
49,Utah,6:  100-499,"2,913","147,593",G,,29,"2,737",G,131,"4,944",G,102,"-6,162",H,"1,224","14,807",G,826,"-10,852",G,,,,,,
49,Utah,7:  <500,"52,031","520,072",G,,"1,278","30,193",G,"6,691","32,693",G,"5,413","-29,342",H,"14,692","66,012",G,"11,018","-39,170",G,,,,,,
49,Utah,8:  500+,"10,314","581,191",G,,136,"17,273",G,882,"28,959",H,746,"-10,855",G,"3,285","43,235",G,"3,012","-44,066",G,,,,,,
50,Vermont,1:  Total,"18,834","262,437",G,,-2,"-1,381",G,"1,556","7,720",G,"1,558","-12,434",H,"4,916","19,916",G,"4,668","-16,583",G,,,,,,
50,Vermont,2:  1-4,"8,507","17,781",G,,-24,"1,548",G,"1,030","1,789",H,"1,054","-1,796",H,"1,627","2,874",G,"1,167","-1,319",H,,,,,,
50,Vermont,3:  5-9,"3,138","20,467",G,,9,-86,G,162,"1,032",G,153,"-1,005",G,948,"1,930",G,"1,092","-2,043",G,,,,,,
50,Vermont,4:  10-19,"1,854","23,240",G,,12,340,G,81,"1,081",G,69,-856,G,655,"1,962",G,704,"-1,847",G,,,,,,
50,Vermont,5:  20-99,"2,057","51,422",G,,-28,"1,275",G,68,"1,781",G,96,"-1,565",H,725,"3,952",G,688,"-2,893",G,,,,,,
50,Vermont,6:  100-499,"1,056","42,497",G,,21,-166,G,62,644,H,41,-948,G,330,"2,309",G,324,"-2,171",G,,,,,,
50,Vermont,7:  <500,"16,612","155,407",G,,-10,"2,911",G,"1,403","6,327",G,"1,413","-6,170",G,"4,285","13,027",G,"3,975","-10,273",G,,,,,,
50,Vermont,8:  500+,"2,222","107,030",G,,8,"-4,292",G,153,"1,393",G,145,"-6,264",H,631,"6,889",G,693,"-6,310",G,,,,,,
51,Virginia,1:  Total,"177,022","3,131,336",G,,"1,268","31,709",G,"16,748","131,904",G,"15,480","-108,527",G,"47,201","265,226",G,"44,670","-256,894",G,,,,,,
51,Virginia,2:  1-4,"70,747","146,757",G,,295,"16,526",G,"10,259","18,253",H,"9,964",0,S,"12,965","25,288",G,"8,865","-9,921",H,,,,,,
51,Virginia,3:  5-9,"25,426","165,830",G,,17,"2,585",G,"1,451","9,283",G,"1,434","-9,136",G,"7,608","18,643",G,"8,637","-16,205",G,,,,,,
51,Virginia,4:  10-19,"16,800","213,898",G,,49,"3,527",G,744,"9,696",G,695,"-8,713",G,"5,997","20,614",G,"6,506","-18,070",G,,,,,,
51,Virginia,5:  20-99,"17,830","511,276",G,,41,"8,330",G,715,"19,087",G,674,"-15,920",G,"6,696","42,041",G,"6,755","-36,878",G,,,,,,
51,Virginia,6:  100-499,"9,503","429,441",G,,296,"6,445",G,637,"14,714",G,341,"-10,269",G,"3,321","32,815",G,"2,845","-30,815",G,,,,,,
51,Virginia,7:  <500,"140,306","1,467,202",G,,698,"37,413",G,"13,806","71,033",G,"13,108","-61,132",G,"36,587","139,401",G,"33,608","-111,889",G,,,,,,
51,Virginia,8:  500+,"36,716","1,664,134",G,,570,"-5,704",G,"2,942","60,871",G,"2,372","-47,395",G,"10,614","125,825",G,"11,062","-145,005",G,,,,,,
53,Washington,1:  Total,"156,784","2,443,588",G,,"2,135","85,933",G,"16,511","100,999",G,"14,376","-77,189",G,"45,849","229,278",G,"36,964","-167,155",G,,,,,,
53,Washington,2:  1-4,"68,881","142,457",G,,"1,538","21,838",G,"11,491","19,997",H,"9,953","-17,206",H,"14,825","28,780",G,"8,516","-9,733",H,,,,,,
53,Washington,3:  5-9,"25,055","163,047",G,,105,"4,983",G,"1,540","9,736",G,"1,435","-8,982",G,"8,341","20,067",G,"8,236","-15,838",G,,,,,,
53,Washington,4:  10-19,"15,174","191,548",G,,13,"4,058",G,656,"8,328",G,643,"-7,546",G,"5,769","19,724",G,"5,681","-16,448",G,,,,,,
53,Washington,5:  20-99,"15,015","416,815",G,,26,"10,504",G,495,"13,844",G,469,"-12,195",G,"6,129","37,616",G,"5,234","-28,761",G,,,,,,
53,Washington,6:  100-499,"8,299","349,238",G,,152,"11,861",G,382,"12,084",G,230,"-7,098",G,"3,409","27,092",G,"2,147","-20,217",G,,,,,,
53,Washington,7:  <500,"132,424","1,263,105",G,,"1,834","53,244",G,"14,564","63,989",G,"12,730","-53,027",G,"38,473","133,279",G,"29,814","-90,997",G,,,,,,
53,Washington,8:  500+,"24,360","1,180,483",G,,301,"32,689",G,"1,947","37,010",G,"1,646","-24,162",G,"7,376","95,999",G,"7,150","-76,158",G,,,,,,
54,West Virginia,1:  Total,"35,106","575,946",G,,-431,"-4,034",G,"2,462","20,464",G,"2,893","-20,861",H,"8,984","42,031",G,"9,538","-45,668",G,,,,,,
54,West Virginia,2:  1-4,"12,536","27,651",G,,-402,"1,719",G,"1,387","2,591",H,"1,789","-3,308",H,"2,290","4,377",G,"1,675","-1,941",G,,,,,,
54,West Virginia,3:  5-9,"5,524","35,698",G,,-99,-588,G,250,"1,594",G,349,"-2,140",G,"1,458","3,554",G,"1,978","-3,596",G,,,,,,
54,West Virginia,4:  10-19,"3,415","43,194",G,,-16,85,G,111,"1,425",H,127,"-1,678",G,"1,110","4,243",G,"1,423","-3,905",G,,,,,,
54,West Virginia,5:  20-99,"3,879","98,341",G,,-46,"-2,830",G,101,"2,343",G,147,"-3,732",G,"1,207","6,275",G,"1,520","-7,716",G,,,,,,
54,West Virginia,6:  100-499,"2,219","86,025",G,,87,"-1,459",G,144,"2,453",G,57,"-1,600",H,700,"4,628",G,691,"-6,940",G,,,,,,
54,West Virginia,7:  <500,"27,573","290,909",G,,-476,"-3,073",G,"1,993","10,406",G,"2,469","-12,458",G,"6,765","23,077",G,"7,287","-24,098",G,,,,,,
54,West Virginia,8:  500+,"7,533","285,037",G,,45,-961,G,469,"10,058",G,424,"-8,403",H,"2,219","18,954",G,"2,251","-21,570",G,,,,,,
55,Wisconsin,1:  Total,"125,123","2,400,628",G,,320,"51,200",G,"9,703","72,867",G,"9,383","-62,626",G,"35,696","187,875",G,"31,460","-146,916",G,,,,,,
55,Wisconsin,2:  1-4,"47,646","100,661",G,,14,"10,856",G,"5,999","10,602",H,"5,985",0,S,"9,380","17,476",G,"5,923","-6,848",G,,,,,,
55,Wisconsin,3:  5-9,"19,273","125,278",G,,-35,"1,408",G,887,"5,689",G,922,"-5,934",G,"5,829","12,983",G,"6,288","-11,330",G,,,,,,
55,Wisconsin,4:  10-19,"13,024","166,072",G,,-20,"2,018",G,466,"6,140",G,486,"-6,093",G,"4,747","14,595",G,"4,875","-12,624",G,,,,,,
55,Wisconsin,5:  20-99,"15,796","438,838",G,,8,"8,291",G,490,"13,595",G,482,"-10,859",G,"6,007","32,066",G,"5,585","-26,511",G,,,,,,
55,Wisconsin,6:  100-499,"8,311","384,895",G,,-2,"9,302",G,292,"9,154",G,294,"-8,616",G,"3,249","29,043",G,"2,302","-20,279",G,,,,,,
55,Wisconsin,7:  <500,"104,050","1,215,744",G,,-35,"31,875",G,"8,134","45,180",G,"8,169","-41,876",G,"29,212","106,163",G,"24,973","-77,592",G,,,,,,
55,Wisconsin,8:  500+,"21,073","1,184,884",G,,355,"19,325",G,"1,569","27,687",G,"1,214","-20,750",G,"6,484","81,712",G,"6,487","-69,324",G,,,,,,
56,Wyoming,1:  Total,"18,305","212,517",G,,159,"7,475",G,"1,764","9,044",G,"1,605","-6,444",G,"4,959","21,663",G,"4,464","-16,788",G,,,,,,
56,Wyoming,2:  1-4,"8,384","17,266",G,,-14,"2,242",G,"1,168","2,033",H,"1,182","-1,956",H,"1,714","3,423",G,"1,103","-1,258",H,,,,,,
56,Wyoming,3:  5-9,"2,995","19,340",G,,47,697,G,182,"1,227",G,135,-860,G,994,"2,390",G,"1,071","-2,060",G,,,,,,
56,Wyoming,4:  10-19,"1,815","22,797",G,,18,590,G,80,"1,113",G,62,-740,G,615,"2,426",G,740,"-2,209",G,,,,,,
56,Wyoming,5:  20-99,"1,817","43,249",G,,12,"1,189",G,58,"1,420",G,46,-841,G,636,"3,764",G,614,"-3,154",G,,,,,,
56,Wyoming,6:  100-499,839,"29,315",G,,37,557,G,58,789,H,21,-566,G,297,"2,141",G,220,"-1,807",G,,,,,,
56,Wyoming,7:  <500,"15,850","131,967",G,,100,"5,275",G,"1,546","6,582",G,"1,446","-4,963",G,"4,256","14,144",G,"3,748","-10,488",G,,,,,,
56,Wyoming,8:  500+,"2,455","80,550",G,,59,"2,200",G,218,"2,462",G,159,"-1,481",G,703,"7,519",G,716,"-6,300",H,,,,,,
,,,,,,,,,,,,,,,,,,,,,,,,,,,
,,,,,,,,,,,,,,,,,,,,,,,,,,,
,,,,,,,,,,,,,,,,,,,,,,,,,,,
,,,,,,,,,,,,,,,,,,,,,,,,,,,
,,,,,,,,,,,,,,,,,,,,,,,,,,,
,,,,,,,,,,,,,,,,,,,,,,,,,,,
,,,,,,,,,,,,,,,,,,,,,,,,,,,
,,,,,,,,,,,,,,,,,,,,,,,,,,,
,,,,,,,,,,,,,,,,,,,,,,,,,,,
,,,,,,,,,,,,,,,,,,,,,,,,,,,