playerID,yearID,stint,teamID,lgID,POS,G,GS,InnOuts,PO,A,E,DP,PB,WP,SB,CS,ZR
abadfe01,2016,1,MIN,AL,P,39,0,102,0,3,0,1,,,,,
abadfe01,2016,2,BOS,AL,P,18,0,38,0,1,0,0,,,,,
abreujo02,2016,1,CHA,AL,1B,152,152,4067,1243,84,10,131,,,,,
achteaj01,2016,1,LAA,AL,P,27,0,113,2,4,0,0,,,,,
ackledu01,2016,1,NYA,AL,1B,13,10,255,80,7,0,7,,,,,
ackledu01,2016,1,NYA,AL,2B,1,0,3,0,0,0,0,,,,,
ackledu01,2016,1,NYA,AL,OF,9,6,163,9,1,0,1,,,,,
adamecr01,2016,1,COL,NL,2B,11,5,161,15,14,1,3,,,,,
adamecr01,2016,1,COL,NL,3B,11,1,66,1,3,0,1,,,,,
adamecr01,2016,1,COL,NL,SS,47,37,1018,52,121,5,20,,,,,
adamsau01,2016,1,CLE,AL,P,19,0,55,0,0,1,0,,,,,
adamsma01,2016,1,SLN,NL,1B,86,69,1805,617,71,7,62,,,,,
adlemti01,2016,1,CIN,NL,P,13,13,209,6,7,0,0,,,,,
adriaeh01,2016,1,SFN,NL,2B,7,3,72,3,8,0,2,,,,,
adriaeh01,2016,1,SFN,NL,3B,7,1,57,0,1,0,0,,,,,
adriaeh01,2016,1,SFN,NL,SS,13,6,205,8,24,2,2,,,,,
aguilje01,2016,1,CLE,AL,1B,7,1,48,18,0,0,2,,,,,
ahmedni01,2016,1,ARI,NL,SS,88,80,2164,111,273,10,61,,,,,
alberan01,2016,1,MIN,AL,P,6,2,51,1,3,0,1,,,,,
alberha01,2016,1,TEX,AL,1B,4,1,40,13,1,0,2,,,,,
alberha01,2016,1,TEX,AL,2B,6,3,99,8,9,1,2,,,,,
alberha01,2016,1,TEX,AL,3B,11,4,135,1,14,0,1,,,,,
alberha01,2016,1,TEX,AL,SS,9,6,178,13,33,0,10,,,,,
alberma01,2016,1,CHA,AL,P,58,1,154,2,8,2,2,,,,,
albural01,2016,1,LAA,AL,P,2,0,6,0,0,0,0,,,,,
alcanar01,2016,1,OAK,AL,2B,3,3,80,6,5,0,1,,,,,
alcanar01,2016,1,OAK,AL,OF,5,0,30,5,0,0,0,,,,,
alcanar01,2016,1,OAK,AL,SS,2,1,30,1,4,0,0,,,,,
alcanra01,2016,1,OAK,AL,P,5,5,67,0,2,0,0,,,,,
alexasc01,2016,1,KCA,AL,P,17,0,57,1,2,1,1,,,,,
alfarjo01,2016,1,PHI,NL,C,4,4,93,27,0,0,0,1,,0,1,
allenco01,2016,1,CLE,AL,P,67,0,204,3,6,0,1,,,,,
almonab01,2016,1,CLE,AL,OF,58,45,1262,75,6,2,1,,,,,
almoral01,2016,1,CHN,NL,OF,41,22,711,74,1,0,2,,,,,
alonsyo01,2016,1,OAK,AL,1B,145,128,3409,1155,70,4,118,,,,,
alonsyo01,2016,1,OAK,AL,3B,7,4,114,2,9,1,0,,,,,
altavda01,2016,1,SEA,AL,P,15,0,37,0,1,0,0,,,,,
altheaa01,2016,1,PHI,NL,OF,57,54,1447,109,3,1,1,,,,,
altuvjo01,2016,1,HOU,AL,2B,148,147,3921,206,361,7,73,,,,,
altuvjo01,2016,1,HOU,AL,SS,1,0,12,0,2,0,0,,,,,
alvarda01,2016,1,ATL,NL,P,16,0,45,0,0,0,0,,,,,
alvarda01,2016,2,TEX,AL,P,10,0,35,0,2,0,0,,,,,
alvarda02,2016,1,BAL,AL,OF,1,1,30,1,0,0,0,,,,,
alvarjo02,2016,1,LAA,AL,P,64,0,172,1,5,1,2,,,,,
alvarpe01,2016,1,BAL,AL,3B,12,6,159,0,5,4,0,,,,,
amarial01,2016,1,SDN,NL,2B,28,15,500,33,50,1,11,,,,,
amarial01,2016,1,SDN,NL,3B,5,4,111,6,5,0,2,,,,,
amarial01,2016,1,SDN,NL,OF,10,5,164,10,0,0,0,,,,,
amarial01,2016,1,SDN,NL,P,1,0,1,0,0,0,0,,,,,
amarial01,2016,1,SDN,NL,SS,12,7,209,12,17,1,6,,,,,
anderbr04,2016,1,LAN,NL,P,4,3,34,0,3,0,0,,,,,
anderch01,2016,1,MIL,NL,P,31,30,455,8,19,1,1,,,,,
anderco01,2016,1,CLE,AL,P,19,9,182,4,4,1,2,,,,,
anderti01,2016,1,CHA,AL,SS,98,98,2579,142,244,14,50,,,,,
anderty01,2016,1,COL,NL,P,19,19,343,3,29,2,2,,,,,
andinro01,2016,1,MIA,NL,2B,3,3,63,4,5,0,1,,,,,
andinro01,2016,1,MIA,NL,3B,1,0,3,0,0,0,0,,,,,
andinro01,2016,1,MIA,NL,OF,2,1,33,5,1,0,0,,,,,
andinro01,2016,1,MIA,NL,SS,1,0,6,0,0,0,0,,,,,
andrima01,2016,1,TBA,AL,P,29,19,383,12,9,1,1,,,,,
andruel01,2016,1,TEX,AL,SS,147,146,3882,229,413,17,105,,,,,
antoldu01,2016,1,TOR,AL,P,1,0,6,0,0,0,0,,,,,
aokino01,2016,1,SEA,AL,OF,113,102,2675,188,5,1,2,,,,,
aquinja01,2016,1,BAL,AL,P,3,0,7,0,0,0,0,,,,,
araujel01,2016,1,PHI,NL,P,32,0,82,1,3,0,0,,,,,
archech01,2016,1,TBA,AL,P,33,33,604,14,19,2,0,,,,,
arciaor01,2016,1,MIL,NL,SS,53,53,1394,98,160,5,31,,,,,
arciaos01,2016,1,MIN,AL,OF,29,26,684,50,2,2,0,,,,,
arciaos01,2016,2,TBA,AL,OF,14,13,321,29,0,0,0,,,,,
arciaos01,2016,4,SDN,NL,OF,13,11,293,26,1,0,0,,,,,
arenano01,2016,1,COL,NL,3B,160,159,4132,99,378,13,39,,,,,
armstsh01,2016,1,CLE,AL,P,10,0,32,1,1,0,0,,,,,
arojo01,2016,1,SEA,AL,P,1,0,2,0,0,0,0,,,,,
arrieja01,2016,1,CHN,NL,P,31,31,592,12,40,3,6,,,,,
ascheco01,2016,1,PHI,NL,OF,57,54,1322,104,3,1,0,,,,,
asheral01,2016,1,PHI,NL,P,5,5,83,3,4,0,1,,,,,
asuajca01,2016,1,SDN,NL,2B,6,6,159,14,19,1,3,,,,,
austity01,2016,1,NYA,AL,1B,27,20,560,166,15,0,17,,,,,
austity01,2016,1,NYA,AL,OF,5,2,45,4,0,0,0,,,,,
avilaal01,2016,1,CHA,AL,C,54,52,1359,414,21,2,3,4,,25,7,
avilalu01,2016,1,LAN,NL,P,27,0,59,0,4,1,0,,,,,
avilemi01,2016,1,DET,AL,2B,10,5,153,7,21,0,3,,,,,
avilemi01,2016,1,DET,AL,3B,9,5,153,3,9,3,1,,,,,
avilemi01,2016,1,DET,AL,OF,39,28,781,40,2,1,0,,,,,
avilemi01,2016,1,DET,AL,SS,6,5,123,4,7,2,4,,,,,
axforjo01,2016,1,OAK,AL,P,68,0,197,2,11,0,0,,,,,
aybarer01,2016,1,ATL,NL,2B,1,1,24,1,6,0,2,,,,,
aybarer01,2016,1,ATL,NL,SS,93,88,2367,109,241,13,46,,,,,
aybarer01,2016,2,DET,AL,2B,6,0,36,1,2,0,0,,,,,
aybarer01,2016,2,DET,AL,3B,12,11,270,4,9,0,1,,,,,
aybarer01,2016,2,DET,AL,SS,11,10,279,17,24,0,5,,,,,
baezja01,2016,1,CHN,NL,1B,6,2,63,18,4,0,1,,,,,
baezja01,2016,1,CHN,NL,2B,59,38,1149,88,127,6,23,,,,,
baezja01,2016,1,CHN,NL,3B,62,36,1112,27,91,7,4,,,,,
baezja01,2016,1,CHN,NL,OF,2,0,7,0,0,0,0,,,,,
baezja01,2016,1,CHN,NL,SS,25,21,582,40,61,2,13,,,,,
baezpe01,2016,1,LAN,NL,P,73,0,222,0,9,3,2,,,,,
bailean01,2016,1,PHI,NL,P,33,0,97,1,2,0,0,,,,,
bailean01,2016,2,LAA,AL,P,12,0,34,0,2,0,1,,,,,
baileho02,2016,1,CIN,NL,P,6,6,69,3,1,0,0,,,,,
bandyje01,2016,1,LAA,AL,C,68,60,1560,412,39,3,4,2,,29,19,
barbajo01,2016,1,NYA,AL,P,13,0,39,0,0,1,0,,,,,
barneau01,2016,1,LAN,NL,2B,7,2,66,4,9,0,3,,,,,
barneau01,2016,1,LAN,NL,3B,1,0,3,0,0,0,0,,,,,
barneau01,2016,1,LAN,NL,C,9,5,150,47,1,0,0,0,,2,0,
barnebr02,2016,1,COL,NL,OF,43,20,682,47,3,1,1,,,,,
barneda01,2016,1,TOR,AL,2B,40,33,891,55,105,4,35,,,,,
barneda01,2016,1,TOR,AL,3B,32,22,631,14,48,4,4,,,,,
barneda01,2016,1,TOR,AL,OF,5,4,111,4,0,0,0,,,,,
barneda01,2016,1,TOR,AL,P,1,0,3,0,0,0,0,,,,,
barneda01,2016,1,TOR,AL,SS,25,18,540,23,57,0,6,,,,,
barneda02,2016,1,TOR,AL,P,12,0,41,0,1,0,0,,,,,
barneja01,2016,1,MIL,NL,P,27,0,80,2,3,1,0,,,,,
barnema01,2016,1,BOS,AL,P,62,0,200,2,6,0,0,,,,,
barneto01,2016,1,TEX,AL,P,53,0,181,6,2,0,0,,,,,
barnhtu01,2016,1,CIN,NL,C,108,106,2795,817,74,7,6,5,,68,34,
barraky01,2016,1,MIA,NL,P,75,0,218,1,8,1,1,,,,,
barreja01,2016,1,ARI,NL,P,68,0,178,4,2,0,0,,,,,
bassich01,2016,1,OAK,AL,P,5,5,84,1,0,0,0,,,,,
bastaan01,2016,1,NYN,NL,P,41,0,131,1,3,1,0,,,,,
bastaan01,2016,2,PIT,NL,P,28,0,72,0,1,0,0,,,,,
bauertr01,2016,1,CLE,AL,P,35,28,570,17,19,0,0,,,,,
baumabu01,2016,1,SDN,NL,P,11,0,29,0,0,0,0,,,,,
bautijo02,2016,1,TOR,AL,1B,1,0,9,3,0,0,0,,,,,
bautijo02,2016,1,TOR,AL,OF,91,90,2361,149,5,2,0,,,,,
beckch02,2016,1,CHA,AL,P,25,0,76,1,0,0,0,,,,,
beckhgo01,2016,1,ATL,NL,2B,51,38,1027,61,118,2,17,,,,,
beckhgo01,2016,1,ATL,NL,3B,15,10,283,7,13,1,3,,,,,
beckhgo01,2016,1,ATL,NL,SS,11,7,214,11,23,1,7,,,,,
beckhgo01,2016,2,SFN,NL,3B,3,2,48,2,3,0,0,,,,,
beckhti01,2016,1,TBA,AL,1B,6,5,126,38,1,0,4,,,,,
beckhti01,2016,1,TBA,AL,2B,19,16,477,30,44,0,12,,,,,
beckhti01,2016,1,TBA,AL,3B,7,4,126,0,7,0,1,,,,,
beckhti01,2016,1,TBA,AL,SS,25,23,586,27,64,4,14,,,,,
bedroca01,2016,1,LAA,AL,P,45,0,121,0,2,1,0,,,,,
belisma01,2016,1,WAS,NL,P,40,0,138,1,3,0,0,,,,,
belljo02,2016,1,PIT,NL,1B,23,19,451,157,14,3,11,,,,,
belljo02,2016,1,PIT,NL,OF,16,14,325,17,0,1,0,,,,,
beltbr01,2016,1,SFN,NL,1B,151,148,3991,1284,94,8,110,,,,,
beltbr01,2016,1,SFN,NL,OF,3,1,36,1,0,0,0,,,,,
beltrad01,2016,1,TEX,AL,3B,141,141,3657,104,301,10,43,,,,,
beltrca01,2016,1,NYA,AL,OF,60,58,1335,84,3,1,1,,,,,
beltrca01,2016,2,TEX,AL,OF,9,9,201,13,1,0,0,,,,,
beninan01,2016,1,BOS,AL,OF,32,30,785,55,0,1,0,,,,,
benoijo01,2016,1,SEA,AL,P,26,0,73,1,2,1,0,,,,,
benoijo01,2016,2,TOR,AL,P,25,0,71,0,2,1,0,,,,,
beresja01,2016,1,MIN,AL,1B,6,4,111,28,5,1,6,,,,,
beresja01,2016,1,MIN,AL,2B,1,0,3,0,1,0,0,,,,,
beresja01,2016,1,MIN,AL,3B,3,2,63,1,5,0,2,,,,,
bergmch01,2016,1,COL,NL,P,15,1,74,0,3,0,0,,,,,
berrijo01,2016,1,MIN,AL,P,14,14,175,1,12,1,0,,,,,
betande01,2016,1,NYA,AL,P,73,0,219,4,6,3,1,,,,,
bethach01,2016,1,SDN,NL,2B,1,0,1,0,0,0,0,,,,,
bethach01,2016,1,SDN,NL,C,41,35,968,248,32,2,3,5,,16,6,
bethach01,2016,1,SDN,NL,OF,12,7,221,15,0,1,0,,,,,
bethach01,2016,1,SDN,NL,P,2,0,5,0,0,0,0,,,,,
bettich01,2016,1,COL,NL,P,32,32,558,12,31,2,1,,,,,
bettsmo01,2016,1,BOS,AL,OF,157,157,4145,346,14,1,4,,,,,
biagijo01,2016,1,TOR,AL,P,60,0,203,3,11,2,0,,,,,
blachty01,2016,1,SFN,NL,P,4,2,51,2,0,0,0,,,,,
blackch02,2016,1,COL,NL,OF,138,135,3549,293,4,3,0,,,,,
blairaa01,2016,1,ATL,NL,P,15,15,210,4,9,1,2,,,,,
blancan01,2016,1,PHI,NL,1B,19,1,133,35,4,0,5,,,,,
blancan01,2016,1,PHI,NL,2B,20,13,385,28,38,2,7,,,,,
blancan01,2016,1,PHI,NL,3B,21,15,437,10,31,4,3,,,,,
blancan01,2016,1,PHI,NL,OF,1,0,3,1,0,0,0,,,,,
blancan01,2016,1,PHI,NL,SS,10,7,187,8,15,0,4,,,,,
blancgr01,2016,1,SFN,NL,OF,75,56,1624,111,2,1,0,,,,,
blantjo01,2016,1,LAN,NL,P,75,0,240,2,7,0,1,,,,,
blashja01,2016,1,SDN,NL,OF,21,16,441,43,1,0,0,,,,,
blazemi01,2016,1,MIL,NL,P,41,0,124,1,3,1,1,,,,,
bleieri01,2016,1,NYA,AL,P,23,0,69,1,5,0,0,,,,,
blevije01,2016,1,NYN,NL,P,73,0,126,1,2,1,0,,,,,
bogaexa01,2016,1,BOS,AL,SS,157,157,4136,195,355,12,73,,,,,
bolsimi01,2016,1,LAN,NL,P,6,6,83,1,4,0,0,,,,,
bonifem01,2016,1,ATL,NL,OF,13,7,229,17,0,0,0,,,,,
borboju01,2016,1,BAL,AL,OF,6,4,111,11,0,0,0,,,,,
boscawi01,2016,1,PIT,NL,P,6,1,46,1,5,0,0,,,,,
boshebu01,2016,1,MIN,AL,P,37,0,108,2,4,1,0,,,,,
bourjpe01,2016,1,PHI,NL,OF,119,97,2639,202,2,1,0,,,,,
bourju01,2016,1,MIA,NL,1B,82,80,1832,544,34,3,50,,,,,
bournmi01,2016,1,ARI,NL,OF,86,75,2102,188,4,7,0,,,,,
bournmi01,2016,2,BAL,AL,OF,24,11,369,21,2,0,0,,,,,
bowmama01,2016,1,SLN,NL,P,59,0,203,6,17,2,3,,,,,
boxbebr01,2016,1,TBA,AL,P,27,0,73,2,3,0,0,,,,,
boydma01,2016,1,DET,AL,P,20,18,292,1,5,1,0,,,,,
boyerbl01,2016,1,MIL,NL,P,61,0,198,3,7,0,1,,,,,
brachbr01,2016,1,BAL,AL,P,71,0,237,5,4,0,0,,,,,
brachsi01,2016,1,ARI,NL,P,26,0,74,2,2,0,0,,,,,
bradlar01,2016,1,ARI,NL,P,26,26,425,9,9,1,1,,,,,
bradlja02,2016,1,BOS,AL,OF,156,155,4127,365,13,3,3,,,,,
bradlje01,2016,1,ATL,NL,P,6,0,21,0,1,0,0,,,,,
brantmi02,2016,1,CLE,AL,OF,11,10,268,18,1,0,0,,,,,
braulst01,2016,1,PIT,NL,P,8,7,100,2,2,1,0,,,,,
braunry02,2016,1,MIL,NL,OF,127,127,3308,209,12,3,3,,,,,
bregmal01,2016,1,HOU,AL,2B,3,1,36,2,5,0,0,,,,,
bregmal01,2016,1,HOU,AL,3B,40,40,1041,28,80,8,8,,,,,
bregmal01,2016,1,HOU,AL,OF,1,0,5,0,0,1,0,,,,,
bregmal01,2016,1,HOU,AL,SS,6,4,117,6,9,1,4,,,,,
brentbr01,2016,1,BOS,AL,OF,22,17,429,25,1,1,0,,,,,
breslcr01,2016,1,MIA,NL,P,15,0,42,0,2,0,0,,,,,
briceau01,2016,1,MIA,NL,P,15,0,42,1,0,2,0,,,,,
bridwpa01,2016,1,BAL,AL,P,2,0,10,0,0,0,0,,,,,
brignre01,2016,1,ATL,NL,2B,4,2,56,4,5,0,1,,,,,
brignre01,2016,1,ATL,NL,3B,5,3,95,4,13,1,1,,,,,
britoso01,2016,1,ARI,NL,OF,36,23,643,46,1,3,0,,,,,
brittza01,2016,1,BAL,AL,P,69,0,201,1,16,0,0,,,,,
broadmi01,2016,1,SFN,NL,P,4,0,16,0,0,0,0,,,,,
browntr01,2016,1,SFN,NL,3B,1,0,3,0,0,0,0,,,,,
browntr01,2016,1,SFN,NL,C,60,40,1172,316,26,2,0,4,,24,7,
broxtjo01,2016,1,SLN,NL,P,66,0,182,3,14,0,0,,,,,
broxtke01,2016,1,MIL,NL,OF,68,58,1533,143,0,4,0,,,,,
bruceja01,2016,1,CIN,NL,OF,95,95,2515,186,9,5,3,,,,,
bruceja01,2016,2,NYN,NL,OF,43,43,1055,79,1,1,0,,,,,
bryankr01,2016,1,CHN,NL,1B,9,6,166,35,3,0,3,,,,,
bryankr01,2016,1,CHN,NL,3B,107,100,2571,58,187,12,18,,,,,
bryankr01,2016,1,CHN,NL,OF,69,48,1360,83,3,1,0,,,,,
bryankr01,2016,1,CHN,NL,SS,1,0,3,0,0,0,0,,,,,
buchaja01,2016,1,CHN,NL,P,2,1,18,2,0,0,0,,,,,
buchhcl01,2016,1,BOS,AL,P,37,21,418,9,6,1,0,,,,,
buchtry01,2016,1,SDN,NL,P,67,0,189,0,5,0,0,,,,,
bumgama01,2016,1,SFN,NL,P,34,34,680,1,21,0,1,,,,,
bundydy01,2016,1,BAL,AL,P,36,14,329,4,8,1,0,,,,,
burgoen02,2016,1,ARI,NL,P,43,0,124,3,5,0,0,,,,,
burnese01,2016,1,WAS,NL,P,10,0,17,0,3,0,0,,,,,
burnsan01,2016,1,TOR,AL,1B,1,0,3,0,0,0,0,,,,,
burnsan01,2016,1,TOR,AL,3B,4,0,27,0,6,0,1,,,,,
burnsan01,2016,1,TOR,AL,OF,1,0,3,0,0,0,0,,,,,
burnsbi02,2016,1,OAK,AL,OF,70,67,1788,151,4,2,1,,,,,
burnsbi02,2016,2,KCA,AL,OF,17,8,260,20,0,0,0,,,,,
burriem01,2016,1,PHI,NL,1B,2,0,12,6,1,0,0,,,,,
burriem01,2016,1,PHI,NL,2B,5,3,98,5,3,0,1,,,,,
burriem01,2016,1,PHI,NL,OF,3,2,51,2,0,0,0,,,,,
burriem01,2016,1,PHI,NL,SS,3,0,15,0,1,0,0,,,,,
buschma01,2016,1,ARI,NL,P,3,0,13,0,0,0,0,,,,,
bushma01,2016,1,TEX,AL,P,58,0,185,4,14,0,0,,,,,
bussni01,2016,1,LAA,AL,OF,31,23,630,39,1,0,0,,,,,
buterdr01,2016,1,KCA,AL,1B,2,0,6,2,0,0,0,,,,,
buterdr01,2016,1,KCA,AL,C,51,34,976,288,16,6,1,1,,15,5,
buterdr01,2016,1,KCA,AL,P,2,0,4,0,0,0,0,,,,,
butlebi03,2016,1,OAK,AL,1B,22,14,339,97,7,2,8,,,,,
butlebi03,2016,2,NYA,AL,1B,3,3,51,16,2,1,2,,,,,
butleed01,2016,1,COL,NL,P,17,9,192,3,4,2,0,,,,,
buxtoby01,2016,1,MIN,AL,OF,92,88,2321,243,2,4,0,,,,,
byrdma01,2016,1,CLE,AL,OF,31,30,764,42,3,0,1,,,,,
cabreas01,2016,1,NYN,NL,SS,135,135,3462,175,329,7,77,,,,,
cabrema01,2016,1,ATL,NL,P,41,0,115,4,6,0,0,,,,,
cabreme01,2016,1,CHA,AL,OF,147,147,3879,232,12,3,0,,,,,
cabremi01,2016,1,DET,AL,1B,147,147,3786,1186,95,7,124,,,,,
cabremi01,2016,1,DET,AL,3B,1,1,24,2,0,0,0,,,,,
cabrera01,2016,1,CIN,NL,C,48,42,1162,333,17,4,2,2,,31,8,
cahiltr01,2016,1,CHN,NL,P,50,1,197,7,12,2,0,,,,,
cainlo01,2016,1,KCA,AL,OF,101,101,2623,257,3,3,0,,,,,
cainma01,2016,1,SFN,NL,P,21,17,268,5,11,2,3,,,,,
calhoko01,2016,1,LAA,AL,OF,154,153,3949,306,9,5,1,,,,,
caminar01,2016,1,PIT,NL,P,39,0,123,1,5,0,0,,,,,
caminar01,2016,2,SEA,AL,P,18,0,59,0,1,0,0,,,,,
campber01,2016,1,NYN,NL,1B,21,15,401,114,12,1,11,,,,,
campber01,2016,1,NYN,NL,2B,1,0,2,1,0,0,0,,,,,
campber01,2016,1,NYN,NL,3B,7,5,141,2,6,0,0,,,,,
campber01,2016,1,NYN,NL,OF,2,0,9,2,0,0,0,,,,,
campojo01,2016,1,ARI,NL,P,1,0,17,1,0,0,0,,,,,
campole01,2016,1,SDN,NL,P,18,0,66,1,4,0,0,,,,,
candeje01,2016,1,CHN,NL,3B,3,2,67,1,3,1,0,,,,,
canhama01,2016,1,OAK,AL,1B,5,3,90,31,7,1,3,,,,,
canhama01,2016,1,OAK,AL,3B,3,1,39,3,1,0,1,,,,,
canhama01,2016,1,OAK,AL,OF,5,4,102,6,0,0,0,,,,,
canoro01,2016,1,SEA,AL,2B,157,156,4129,311,429,3,123,,,,,
capuach01,2016,1,MIL,NL,P,16,0,72,0,1,1,0,,,,,
carasma01,2016,1,COL,NL,P,19,0,47,2,2,0,1,,,,,
cardust01,2016,1,COL,NL,1B,15,10,275,104,8,2,7,,,,,
cardust01,2016,1,COL,NL,OF,4,1,42,6,1,0,0,,,,,
carmofa01,2016,1,ATL,NL,P,2,2,27,2,1,0,0,,,,,
carpema01,2016,1,SLN,NL,1B,45,35,936,304,16,1,38,,,,,
carpema01,2016,1,SLN,NL,2B,40,37,954,60,103,4,22,,,,,
carpema01,2016,1,SLN,NL,3B,54,52,1293,20,95,8,12,,,,,
carraca01,2016,1,CLE,AL,P,25,25,439,6,22,0,0,,,,,
carreez01,2016,1,TOR,AL,OF,100,68,1930,132,8,1,3,,,,,
carrosc02,2016,1,CHA,AL,P,3,0,7,0,0,0,0,,,,,
cartech02,2016,1,MIL,NL,1B,155,151,4014,1316,73,11,122,,,,,
casalcu01,2016,1,TBA,AL,C,76,62,1681,538,37,4,4,4,,25,14,
cashnan01,2016,1,SDN,NL,P,16,16,238,4,14,0,0,,,,,
cashnan01,2016,2,MIA,NL,P,12,11,158,2,5,0,0,,,,,
casteni01,2016,1,DET,AL,3B,108,107,2694,66,184,9,12,,,,,
castiru01,2016,1,BOS,AL,OF,4,2,60,6,0,0,0,,,,,
castiwe01,2016,1,ARI,NL,C,107,103,2775,799,72,7,7,10,,40,24,
castrda01,2016,1,ATL,NL,2B,16,10,302,24,29,0,7,,,,,
castrda01,2016,1,ATL,NL,3B,9,5,163,4,9,0,1,,,,,
castrda01,2016,1,ATL,NL,SS,20,14,381,15,48,0,10,,,,,
castrja01,2016,1,HOU,AL,1B,3,0,32,7,1,0,0,,,,,
castrja01,2016,1,HOU,AL,C,111,102,2726,865,53,4,8,12,,45,14,
castrmi01,2016,1,COL,NL,P,19,0,44,3,4,1,1,,,,,
castrst01,2016,1,NYA,AL,2B,150,143,3798,221,377,12,70,,,,,
castrst01,2016,1,NYA,AL,SS,3,3,60,6,6,0,2,,,,,
cecchga02,2016,1,NYN,NL,SS,2,0,18,0,1,0,0,,,,,
cecilbr01,2016,1,TOR,AL,P,54,0,110,0,2,0,0,,,,,
cecilda01,2016,1,TOR,AL,OF,12,8,222,12,0,1,0,,,,,
cedenxa01,2016,1,TBA,AL,P,54,0,124,2,7,1,0,,,,,
centeju01,2016,1,MIN,AL,C,53,47,1316,321,34,6,3,5,,18,3,
cervefr01,2016,1,PIT,NL,1B,2,1,27,7,0,0,2,,,,,
cervefr01,2016,1,PIT,NL,C,95,94,2424,693,71,7,7,8,,67,16,
cervehu01,2016,1,ATL,NL,P,50,0,102,0,3,0,0,,,,,
cervehu01,2016,2,MIA,NL,P,18,0,28,1,4,0,0,,,,,
cespeyo01,2016,1,NYN,NL,OF,122,122,3138,250,9,5,0,,,,,
cessalu01,2016,1,NYA,AL,P,17,9,211,1,11,1,0,,,,,
chacijh01,2016,1,ATL,NL,P,5,5,80,5,5,0,0,,,,,
chacijh01,2016,2,LAA,AL,P,29,17,352,16,16,0,1,,,,,
chafian01,2016,1,ARI,NL,P,32,0,68,1,3,0,0,,,,,
chambjo03,2016,1,CLE,AL,P,20,0,60,0,5,0,0,,,,,
chapmar01,2016,1,NYA,AL,P,31,0,94,3,3,0,0,,,,,
chapmar01,2016,2,CHN,NL,P,28,0,80,2,2,0,0,,,,,
chapmke02,2016,1,HOU,AL,P,9,0,24,3,1,0,0,,,,,
chargjt01,2016,1,MIN,AL,P,25,0,69,0,1,0,0,,,,,
chatwty01,2016,1,COL,NL,P,27,27,474,13,22,2,2,,,,,
chaveje01,2016,1,TOR,AL,P,39,0,124,1,2,0,0,,,,,
chaveje01,2016,2,LAN,NL,P,23,0,77,0,2,0,0,,,,,
chenwe02,2016,1,MIA,NL,P,22,22,370,4,15,0,1,,,,,
chiriro01,2016,1,TEX,AL,C,54,46,1197,287,23,1,2,3,,22,8,
chiselo01,2016,1,CLE,AL,1B,3,0,21,8,0,0,0,,,,,
chiselo01,2016,1,CLE,AL,3B,1,0,6,1,0,0,0,,,,,
chiselo01,2016,1,CLE,AL,OF,119,100,2685,190,7,3,1,,,,,
choiji01,2016,1,LAA,AL,1B,27,15,456,127,11,1,15,,,,,
choiji01,2016,1,LAA,AL,OF,20,14,339,26,0,0,0,,,,,
choosh01,2016,1,TEX,AL,OF,43,42,1073,85,4,3,0,,,,,
cingrto01,2016,1,CIN,NL,P,65,0,189,2,14,1,0,,,,,
cishest01,2016,1,SEA,AL,P,62,0,192,0,8,1,0,,,,,
claudal01,2016,1,TEX,AL,P,39,0,155,1,12,0,1,,,,,
clemepa02,2016,1,MIA,NL,P,2,2,30,0,0,0,0,,,,,
clemepa02,2016,2,SDN,NL,P,16,12,184,0,8,1,1,,,,,
clevest01,2016,1,SEA,AL,C,20,20,507,152,11,2,0,1,,11,5,
clevimi01,2016,1,CLE,AL,P,17,10,159,4,3,0,0,,,,,
clippty01,2016,1,ARI,NL,P,40,0,113,2,4,0,0,,,,,
clippty01,2016,2,NYA,AL,P,29,0,76,1,1,1,0,,,,,
coatsja01,2016,1,CHA,AL,OF,18,11,306,17,0,0,0,,,,,
cobbal01,2016,1,TBA,AL,P,5,5,66,1,6,1,0,,,,,
coghlch01,2016,1,OAK,AL,2B,20,16,390,19,51,1,12,,,,,
coghlch01,2016,1,OAK,AL,3B,17,15,405,11,28,0,5,,,,,
coghlch01,2016,1,OAK,AL,OF,15,13,316,20,0,0,0,,,,,
coghlch01,2016,2,CHN,NL,1B,6,1,81,19,0,0,2,,,,,
coghlch01,2016,2,CHN,NL,3B,1,0,3,0,0,1,0,,,,,
coghlch01,2016,2,CHN,NL,OF,31,28,597,40,2,0,0,,,,,
cokeph01,2016,1,NYA,AL,P,3,0,18,0,2,0,0,,,,,
cokeph01,2016,2,PIT,NL,P,3,0,12,0,0,0,0,,,,,
colabch01,2016,1,TOR,AL,1B,8,8,186,74,3,0,6,,,,,
colabch01,2016,1,TOR,AL,OF,1,0,3,0,0,0,0,,,,,
coleaj01,2016,1,WAS,NL,P,8,8,115,0,0,0,0,,,,,
colege01,2016,1,PIT,NL,P,21,21,348,11,24,2,1,,,,,
colemlo01,2016,1,LAN,NL,P,61,0,144,4,7,0,0,,,,,
collity01,2016,1,DET,AL,OF,50,32,950,79,2,1,1,,,,,
collmjo01,2016,1,ARI,NL,P,15,0,67,3,3,0,0,,,,,
collmjo01,2016,2,ATL,NL,P,3,3,57,0,0,0,0,,,,,
colomal01,2016,1,TBA,AL,P,57,0,170,3,5,0,0,,,,,
colonba01,2016,1,NYN,NL,P,34,33,575,12,40,3,5,,,,,
colonch01,2016,1,KCA,AL,2B,32,29,741,45,94,0,18,,,,,
colonch01,2016,1,KCA,AL,3B,15,10,278,8,21,1,0,,,,,
colonch01,2016,1,KCA,AL,SS,4,0,27,1,2,0,0,,,,,
colonjo01,2016,1,CLE,AL,P,11,0,30,0,2,0,0,,,,,
concege01,2016,1,CHN,NL,P,3,0,7,0,1,0,0,,,,,
confomi01,2016,1,NYN,NL,OF,87,76,1929,134,4,3,1,,,,,
congeha01,2016,1,TBA,AL,C,47,38,975,300,16,3,1,2,,35,8,
conlead01,2016,1,MIA,NL,P,25,25,400,4,15,1,0,,,,,
contrwi01,2016,1,CHN,NL,1B,3,2,57,22,1,0,1,,,,,
contrwi01,2016,1,CHN,NL,C,57,41,1169,389,31,6,0,6,,22,13,
contrwi01,2016,1,CHN,NL,OF,24,21,542,26,1,0,0,,,,,
corbipa01,2016,1,ARI,NL,P,36,24,467,3,17,1,0,,,,,
correca01,2016,1,HOU,AL,SS,153,152,4067,202,426,14,81,,,,,
cosarja01,2016,1,MIA,NL,P,4,4,59,2,9,0,1,,,,,
cosarja01,2016,2,SDN,NL,P,9,9,112,1,7,0,1,,,,,
cothaca01,2016,1,CIN,NL,P,23,0,73,0,3,1,1,,,,,
cottojh01,2016,1,OAK,AL,P,5,5,88,1,1,0,1,,,,,
couloda01,2016,1,OAK,AL,P,35,0,143,1,7,0,0,,,,,
cowarka01,2016,1,LAA,AL,1B,1,1,6,3,0,0,1,,,,,
cowarka01,2016,1,LAA,AL,2B,15,13,276,21,29,2,8,,,,,
cowarka01,2016,1,LAA,AL,3B,21,9,366,8,30,1,3,,,,,
cowgico01,2016,1,CLE,AL,OF,8,4,129,10,0,0,0,,,,,
cozarza01,2016,1,CIN,NL,SS,111,110,2900,192,300,10,69,,,,,
cravyty01,2016,1,MIL,NL,P,20,2,85,3,2,0,0,,,,,
crawfbr01,2016,1,SFN,NL,SS,155,148,3927,209,413,11,90,,,,,
crawfca02,2016,1,LAN,NL,OF,21,18,453,28,0,0,0,,,,,
crispco01,2016,1,OAK,AL,OF,88,85,2236,157,4,3,1,,,,,
crispco01,2016,2,CLE,AL,OF,13,13,323,22,0,0,0,,,,,
crockky01,2016,1,CLE,AL,P,29,0,48,1,3,0,0,,,,,
croncj01,2016,1,LAA,AL,1B,97,93,2456,761,48,6,78,,,,,
cruzne02,2016,1,SEA,AL,OF,48,48,1202,76,2,1,1,,,,,
cruzto03,2016,1,KCA,AL,C,4,0,27,9,0,0,0,1,,0,0,
cuetojo01,2016,1,SFN,NL,P,32,32,659,21,25,2,0,,,,,
cuevawi01,2016,1,BOS,AL,P,3,0,15,0,1,0,0,,,,,
culbech01,2016,1,LAN,NL,2B,10,9,192,10,15,1,2,,,,,
culbech01,2016,1,LAN,NL,3B,4,2,45,2,3,1,0,,,,,
culbech01,2016,1,LAN,NL,OF,2,0,15,2,0,0,0,,,,,
culbech01,2016,1,LAN,NL,SS,11,8,180,8,16,0,3,,,,,
cunnibr02,2016,1,ATL,NL,P,15,0,51,0,2,1,0,,,,,
cunnito01,2016,1,LAA,AL,OF,18,6,243,19,2,1,1,,,,,
curtiza01,2016,1,ARI,NL,P,21,0,40,1,4,0,0,,,,,
cuthbch01,2016,1,KCA,AL,3B,127,123,3289,77,216,16,15,,,,,
dahlda01,2016,1,COL,NL,OF,59,52,1444,79,4,2,0,,,,,
danisty01,2016,1,CHA,AL,P,3,0,5,0,0,0,0,,,,,
danksjo01,2016,1,CHA,AL,P,4,4,67,1,3,0,1,,,,,
darnach01,2016,1,ATL,NL,2B,10,10,266,13,27,1,1,,,,,
darnach01,2016,1,ATL,NL,3B,19,16,435,12,24,0,1,,,,,
darnach01,2016,1,ATL,NL,OF,13,9,264,27,1,0,0,,,,,
darnach01,2016,1,ATL,NL,SS,21,16,442,20,38,1,7,,,,,
darnatr01,2016,1,NYN,NL,C,73,70,1847,608,36,1,4,4,,61,17,
darviyu01,2016,1,TEX,AL,P,17,17,301,3,9,0,2,,,,,
davieza01,2016,1,MIL,NL,P,28,28,490,8,21,2,0,,,,,
davisch02,2016,1,BAL,AL,1B,152,152,3981,1325,62,10,138,,,,,
davisch02,2016,1,BAL,AL,OF,3,3,72,5,0,0,0,,,,,
davisik02,2016,1,NYA,AL,1B,8,4,117,39,3,0,2,,,,,
daviskh01,2016,1,OAK,AL,OF,93,93,2389,159,4,5,3,,,,,
davisra01,2016,1,CLE,AL,OF,128,107,2966,235,9,5,2,,,,,
daviswa01,2016,1,KCA,AL,P,45,0,130,1,4,0,0,,,,,
daytogr01,2016,1,LAN,NL,P,25,0,79,1,1,0,0,,,,,
deanpa02,2016,1,MIN,AL,P,19,9,202,1,8,0,0,,,,,
deazaal01,2016,1,NYN,NL,OF,76,45,1377,106,0,2,0,,,,,
deckeja01,2016,1,TBA,AL,OF,16,12,360,28,3,0,1,,,,,
degroja01,2016,1,NYN,NL,P,24,24,444,14,21,2,2,,,,,
dejesiv02,2016,1,CIN,NL,1B,12,4,157,44,0,1,5,,,,,
dejesiv02,2016,1,CIN,NL,2B,22,9,332,21,35,0,10,,,,,
dejesiv02,2016,1,CIN,NL,3B,14,7,243,5,16,1,1,,,,,
dejesiv02,2016,1,CIN,NL,OF,1,0,3,0,0,0,0,,,,,
dejesiv02,2016,1,CIN,NL,SS,30,22,646,41,73,1,16,,,,,
delabst01,2016,1,CIN,NL,P,7,0,24,1,0,0,0,,,,,
delacjo01,2016,1,ATL,NL,P,22,9,188,2,9,1,0,,,,,
delarjo01,2016,1,COL,NL,P,27,24,402,3,14,3,0,,,,,
delarru01,2016,1,ARI,NL,P,13,10,152,5,3,0,0,,,,,
deleojo03,2016,1,LAN,NL,P,4,4,51,2,4,1,0,,,,,
delgara01,2016,1,ARI,NL,P,79,0,225,3,8,0,2,,,,,
delosab01,2016,1,CIN,NL,P,5,0,17,0,1,0,0,,,,,
dendema01,2016,1,WAS,NL,OF,12,6,220,24,0,0,0,,,,,
dermoma01,2016,1,TOR,AL,P,5,0,9,0,0,0,0,,,,,
descada01,2016,1,COL,NL,1B,16,11,302,106,3,3,14,,,,,
descada01,2016,1,COL,NL,2B,14,11,308,17,33,1,8,,,,,
descada01,2016,1,COL,NL,3B,4,2,54,3,0,0,0,,,,,
descada01,2016,1,COL,NL,OF,7,7,126,9,0,0,0,,,,,
descada01,2016,1,COL,NL,SS,31,31,763,41,65,3,16,,,,,
desclan01,2016,1,CIN,NL,P,20,20,370,3,17,0,1,,,,,
deshide02,2016,1,TEX,AL,OF,59,49,1272,102,1,3,0,,,,,
desmoia01,2016,1,TEX,AL,OF,156,155,4080,330,8,12,2,,,,,
despaod01,2016,1,BAL,AL,P,16,0,82,0,2,0,1,,,,,
despaod01,2016,2,MIA,NL,P,3,0,9,0,0,0,0,,,,,
detwiro01,2016,1,CLE,AL,P,7,0,14,0,1,0,0,,,,,
detwiro01,2016,2,OAK,AL,P,9,7,132,2,2,0,0,,,,,
devench02,2016,1,HOU,AL,P,48,5,325,5,10,0,2,,,,,
diamosc01,2016,1,TOR,AL,P,1,0,3,0,0,0,0,,,,,
diazal02,2016,1,SLN,NL,2B,1,0,6,1,2,0,1,,,,,
diazal02,2016,1,SLN,NL,SS,106,103,2730,122,275,16,68,,,,,
diazda01,2016,1,CIN,NL,P,6,0,20,0,0,0,0,,,,,
diazed04,2016,1,SEA,AL,P,49,0,155,2,1,0,0,,,,,
diazel01,2016,1,PIT,NL,C,1,1,27,7,4,0,0,0,,0,1,
diazju03,2016,1,CIN,NL,P,45,0,129,1,3,2,0,,,,,
dickeal01,2016,1,SDN,NL,OF,68,65,1633,104,0,3,0,,,,,
dickeco01,2016,1,TBA,AL,OF,78,70,1838,134,2,2,0,,,,,
dickera01,2016,1,TOR,AL,P,30,29,509,3,31,1,2,,,,,
diekmja01,2016,1,TEX,AL,P,66,0,159,3,5,0,0,,,,,
dietrde01,2016,1,MIA,NL,1B,16,12,270,79,4,0,12,,,,,
dietrde01,2016,1,MIA,NL,2B,75,71,1755,120,165,4,33,,,,,
dietrde01,2016,1,MIA,NL,3B,13,7,199,5,14,0,2,,,,,
dietrde01,2016,1,MIA,NL,OF,8,6,126,10,0,0,0,,,,,
difowi01,2016,1,WAS,NL,2B,9,7,195,6,19,1,1,,,,,
difowi01,2016,1,WAS,NL,3B,3,3,58,1,3,0,0,,,,,
difowi01,2016,1,WAS,NL,SS,5,3,84,5,9,1,1,,,,,
dominjo01,2016,1,SDN,NL,P,34,0,107,2,6,0,2,,,,,
dominma01,2016,1,TOR,AL,1B,1,1,27,9,0,0,1,,,,,
dominma01,2016,1,TOR,AL,3B,3,2,60,7,4,0,0,,,,,
donaljo02,2016,1,TOR,AL,3B,136,135,3564,110,237,14,27,,,,,
doolise01,2016,1,OAK,AL,P,44,0,117,0,6,0,0,,,,,
doziebr01,2016,1,MIN,AL,2B,151,151,3993,286,419,8,118,,,,,
doziehu01,2016,1,KCA,AL,OF,7,5,132,13,0,0,0,,,,,
drabeky01,2016,1,ARI,NL,P,1,0,6,1,0,0,0,,,,,
drakeol01,2016,1,BAL,AL,P,14,0,54,2,3,0,0,,,,,
drewst01,2016,1,WAS,NL,2B,21,15,433,33,44,3,9,,,,,
drewst01,2016,1,WAS,NL,3B,12,8,259,5,19,0,1,,,,,
drewst01,2016,1,WAS,NL,SS,12,7,203,11,13,0,4,,,,,
drurybr01,2016,1,ARI,NL,1B,1,0,3,1,0,0,0,,,,,
drurybr01,2016,1,ARI,NL,2B,16,8,246,15,25,1,6,,,,,
drurybr01,2016,1,ARI,NL,3B,29,25,673,17,42,3,4,,,,,
drurybr01,2016,1,ARI,NL,OF,89,79,2112,140,0,2,0,,,,,
dudalu01,2016,1,NYN,NL,1B,45,40,1062,313,23,3,26,,,,,
duensbr01,2016,1,BAL,AL,P,14,0,40,1,2,0,0,,,,,
duffety01,2016,1,MIN,AL,P,26,26,399,9,13,1,1,,,,,
duffyda01,2016,1,KCA,AL,P,42,26,539,1,18,3,0,,,,,
duffyma01,2016,1,SFN,NL,3B,69,66,1767,43,142,5,5,,,,,
duffyma01,2016,2,TBA,AL,3B,1,0,12,1,0,0,0,,,,,
duffyma01,2016,2,TBA,AL,SS,18,18,459,15,40,0,8,,,,,
duffyma02,2016,1,HOU,AL,3B,1,0,6,0,1,0,0,,,,,
dukeza01,2016,1,CHA,AL,P,53,0,113,1,9,0,0,,,,,
dukeza01,2016,2,SLN,NL,P,28,0,70,0,5,1,0,,,,,
dullry01,2016,1,OAK,AL,P,70,0,223,2,5,2,0,,,,,
dunnmi01,2016,1,MIA,NL,P,51,0,127,3,7,0,1,,,,,
duvalad01,2016,1,CIN,NL,1B,5,3,96,33,6,0,1,,,,,
duvalad01,2016,1,CIN,NL,3B,3,1,40,1,2,0,0,,,,,
duvalad01,2016,1,CIN,NL,OF,142,141,3651,275,8,8,0,,,,,
dysonja01,2016,1,KCA,AL,OF,95,83,2276,196,11,2,0,,,,,
dysonsa01,2016,1,TEX,AL,P,73,0,211,3,12,0,1,,,,,
eatonad02,2016,1,CHA,AL,OF,156,154,4086,417,18,5,4,,,,,
edginjo01,2016,1,NYN,NL,P,16,0,31,1,1,0,0,,,,,
edwarca01,2016,1,CHN,NL,P,36,0,108,2,4,0,1,,,,,
eflinza01,2016,1,PHI,NL,P,11,11,190,1,8,2,0,,,,,
egeco01,2016,1,MIA,NL,P,5,0,9,0,0,0,0,,,,,
egeco01,2016,2,LAA,AL,P,13,0,26,1,0,0,0,,,,,
eibnebr01,2016,1,KCA,AL,OF,18,18,459,39,0,0,0,,,,,
eibnebr01,2016,2,OAK,AL,OF,38,31,839,72,2,1,1,,,,,
eickhje01,2016,1,PHI,NL,P,33,33,592,18,26,1,4,,,,,
eliasro01,2016,1,BOS,AL,P,3,1,23,0,2,0,0,,,,,
ellinbr02,2016,1,MIA,NL,P,32,0,99,0,2,0,0,,,,,
ellisaj01,2016,1,LAN,NL,C,46,42,1121,380,28,1,2,2,,23,9,
ellisaj01,2016,2,PHI,NL,C,11,8,230,67,5,0,1,1,,7,2,
ellsbja01,2016,1,NYA,AL,OF,148,138,3652,272,5,3,1,,,,,
elmorja01,2016,1,MIL,NL,2B,3,1,34,4,5,0,2,,,,,
elmorja01,2016,1,MIL,NL,3B,4,1,72,1,8,2,1,,,,,
elmorja01,2016,1,MIL,NL,OF,20,12,317,14,0,0,0,,,,,
encared01,2016,1,TOR,AL,1B,75,74,1909,602,27,2,57,,,,,
eovalna01,2016,1,NYA,AL,P,24,21,374,6,14,1,0,,,,,
erlinro01,2016,1,SDN,NL,P,3,2,47,0,1,0,0,,,,,
eschja01,2016,1,MIA,NL,P,3,3,39,0,1,0,0,,,,,
escobal02,2016,1,KCA,AL,SS,162,162,4236,221,426,14,95,,,,,
escobed01,2016,1,MIN,AL,2B,6,2,81,5,8,0,3,,,,,
escobed01,2016,1,MIN,AL,3B,23,20,539,13,35,1,4,,,,,
escobed01,2016,1,MIN,AL,OF,2,0,12,0,0,0,0,,,,,
escobed01,2016,1,MIN,AL,P,1,0,3,0,0,0,0,,,,,
escobed01,2016,1,MIN,AL,SS,71,66,1737,87,200,9,62,,,,,
escobed02,2016,1,ARI,NL,P,25,2,71,3,3,0,0,,,,,
escobyu01,2016,1,LAA,AL,3B,129,130,3260,95,188,19,22,,,,,
espinda01,2016,1,WAS,NL,SS,157,152,4074,181,404,18,96,,,,,
estevca01,2016,1,COL,NL,P,63,0,165,2,5,2,0,,,,,
estrama01,2016,1,TOR,AL,P,29,29,528,8,14,0,1,,,,,
ethiean01,2016,1,LAN,NL,OF,4,2,71,5,0,0,0,,,,,
evelada01,2016,1,TBA,AL,P,33,0,69,0,3,0,0,,,,,
familje01,2016,1,NYN,NL,P,78,0,233,2,15,0,1,,,,,
farmebu01,2016,1,DET,AL,P,14,1,88,6,4,0,0,,,,,
farquda01,2016,1,TBA,AL,P,35,0,106,1,9,1,0,,,,,
faulkan01,2016,1,TEX,AL,P,9,0,20,0,1,0,0,,,,,
feathta01,2016,1,PHI,NL,2B,4,3,77,9,6,0,3,,,,,
federti01,2016,1,CHN,NL,C,12,7,189,42,7,1,1,0,,3,0,
feldmsc01,2016,1,HOU,AL,P,26,5,186,5,8,1,0,,,,,
feldmsc01,2016,2,TOR,AL,P,14,0,45,1,1,0,0,,,,,
felizmi01,2016,1,HOU,AL,P,47,0,195,1,4,0,0,,,,,
felizne01,2016,1,PIT,NL,P,62,0,161,1,5,0,1,,,,,
fernajo02,2016,1,MIA,NL,P,29,29,547,7,15,2,0,,,,,
fieldjo03,2016,1,HOU,AL,P,15,0,47,2,0,0,1,,,,,
fieldjo03,2016,2,LAN,NL,P,22,0,58,3,1,0,1,,,,,
fieldpr01,2016,1,TEX,AL,1B,9,9,210,60,4,2,9,,,,,
fienca01,2016,1,MIN,AL,P,14,0,41,0,1,0,0,,,,,
fienca01,2016,2,LAN,NL,P,25,0,77,4,3,0,0,,,,,
fiersmi01,2016,1,HOU,AL,P,31,30,506,13,12,1,0,,,,,
figueco01,2016,1,PIT,NL,2B,5,2,69,2,5,0,1,,,,,
figueco01,2016,1,PIT,NL,3B,2,0,18,0,3,0,1,,,,,
figueco01,2016,1,PIT,NL,SS,2,0,21,0,2,0,0,,,,,
finnebr01,2016,1,CIN,NL,P,31,31,516,5,12,1,0,,,,,
fistedo01,2016,1,HOU,AL,P,32,32,541,11,18,2,1,,,,,
flahery01,2016,1,BAL,AL,1B,7,2,66,18,3,0,3,,,,,
flahery01,2016,1,BAL,AL,2B,1,0,3,0,1,0,0,,,,,
flahery01,2016,1,BAL,AL,3B,40,33,924,17,78,3,9,,,,,
flahery01,2016,1,BAL,AL,OF,9,4,129,6,0,0,0,,,,,
flahery01,2016,1,BAL,AL,P,1,0,3,0,1,0,0,,,,,
flahery01,2016,1,BAL,AL,SS,13,3,135,12,17,0,4,,,,,
flandyo01,2016,1,COL,NL,P,2,0,11,0,1,1,0,,,,,
floreke01,2016,1,MIA,NL,P,1,1,9,1,0,0,0,,,,,
florera02,2016,1,MIL,NL,1B,2,1,18,3,0,0,0,,,,,
florera02,2016,1,MIL,NL,OF,83,65,1781,134,4,1,0,,,,,
florewi01,2016,1,NYN,NL,1B,27,18,490,135,15,1,14,,,,,
florewi01,2016,1,NYN,NL,2B,18,13,356,24,42,2,8,,,,,
florewi01,2016,1,NYN,NL,3B,51,45,1155,36,55,6,8,,,,,
florewi01,2016,1,NYN,NL,SS,8,2,104,9,8,1,1,,,,,
floripe01,2016,1,PIT,NL,2B,8,2,98,7,6,0,1,,,,,
floripe01,2016,1,PIT,NL,SS,6,1,62,2,8,0,3,,,,,
florody01,2016,1,TBA,AL,P,12,0,45,2,3,0,1,,,,,
flowety01,2016,1,ATL,NL,C,81,76,2058,607,29,3,1,7,,60,3,
floydga01,2016,1,TOR,AL,P,28,0,93,0,2,0,0,,,,,
flynnbr01,2016,1,KCA,AL,P,36,1,166,2,8,2,3,,,,,
foltymi01,2016,1,ATL,NL,P,22,22,370,4,18,0,0,,,,,
forsylo01,2016,1,TBA,AL,2B,118,118,3085,206,264,9,69,,,,,
fowlede01,2016,1,CHN,NL,OF,121,117,3082,219,6,4,1,,,,,
francje02,2016,1,ATL,NL,OF,62,54,1446,82,8,3,1,,,,,
francje02,2016,2,MIA,NL,3B,1,0,3,0,0,0,0,,,,,
francje02,2016,2,MIA,NL,OF,16,9,288,18,1,0,0,,,,,
francma02,2016,1,PHI,NL,3B,148,147,3874,93,223,13,16,,,,,
frankni01,2016,1,TBA,AL,1B,9,7,189,58,4,0,7,,,,,
frankni01,2016,1,TBA,AL,2B,8,7,171,6,14,4,3,,,,,
frankni01,2016,1,TBA,AL,OF,25,21,543,45,0,1,0,,,,,
frankni01,2016,1,TBA,AL,SS,5,4,107,3,9,1,1,,,,,
fraziad01,2016,1,PIT,NL,2B,17,13,300,15,30,3,7,,,,,
fraziad01,2016,1,PIT,NL,3B,5,2,54,1,8,1,2,,,,,
fraziad01,2016,1,PIT,NL,OF,35,12,525,29,1,2,0,,,,,
frazito01,2016,1,CHA,AL,1B,7,7,183,59,3,1,4,,,,,
frazito01,2016,1,CHA,AL,3B,149,149,3961,91,293,11,33,,,,,
freemfr01,2016,1,ATL,NL,1B,158,158,4235,1305,107,5,116,,,,,
freemmi01,2016,1,ARI,NL,OF,2,1,30,1,0,0,0,,,,,
freemmi01,2016,2,SEA,AL,2B,5,2,69,8,7,0,3,,,,,
freemmi01,2016,2,SEA,AL,SS,2,1,36,2,2,0,0,,,,,
freemsa01,2016,1,MIL,NL,P,7,0,23,0,1,1,0,,,,,
freesda01,2016,1,PIT,NL,1B,58,34,1024,344,31,3,42,,,,,
freesda01,2016,1,PIT,NL,2B,2,0,15,0,0,0,0,,,,,
freesda01,2016,1,PIT,NL,3B,78,71,1877,40,157,8,17,,,,,
friasca01,2016,1,LAN,NL,P,1,0,12,0,0,0,0,,,,,
friedch01,2016,1,SDN,NL,P,24,23,388,1,19,1,3,,,,,
fryerer01,2016,1,SLN,NL,C,22,8,256,63,9,0,0,0,,2,4,
fryerer01,2016,2,PIT,NL,C,32,23,663,211,10,3,1,3,,19,3,
fuentre01,2016,1,KCA,AL,OF,12,12,294,23,1,1,0,,,,,
fulmeca01,2016,1,CHA,AL,P,8,0,35,1,3,0,0,,,,,
fulmemi01,2016,1,DET,AL,P,26,26,477,16,13,1,2,,,,,
gallayo01,2016,1,BAL,AL,P,23,23,354,4,14,0,0,,,,,
gallojo01,2016,1,TEX,AL,1B,1,1,27,11,0,1,3,,,,,
gallojo01,2016,1,TEX,AL,3B,5,1,54,3,6,0,0,,,,,
galvifr01,2016,1,PHI,NL,SS,156,153,4050,210,407,8,93,,,,,
gamboed01,2016,1,TBA,AL,P,7,0,40,0,6,0,0,,,,,
gamelbe01,2016,1,NYA,AL,OF,5,2,72,3,0,0,0,,,,,
gamelbe01,2016,2,SEA,AL,OF,26,6,324,26,0,0,0,,,,,
gantjo01,2016,1,ATL,NL,P,20,7,150,3,3,0,1,,,,,
garciad01,2016,1,ATL,NL,3B,123,123,3253,79,199,18,17,,,,,
garciad01,2016,1,ATL,NL,OF,4,4,87,6,0,0,0,,,,,
garciav01,2016,1,CHA,AL,OF,55,51,1382,118,5,2,1,,,,,
garcigr01,2016,1,SLN,NL,2B,26,16,452,31,43,2,7,,,,,
garcigr01,2016,1,SLN,NL,3B,31,11,381,6,22,1,4,,,,,
garcigr01,2016,1,SLN,NL,SS,30,23,679,19,78,5,17,,,,,
garcija01,2016,1,SFN,NL,P,62,0,174,3,5,0,0,,,,,
garcija02,2016,1,SLN,NL,P,32,30,515,7,28,3,1,,,,,
garcile02,2016,1,CHA,AL,OF,16,14,356,30,0,0,0,,,,,
garcilu03,2016,1,PHI,NL,P,17,0,46,0,2,0,0,,,,,
garciyi01,2016,1,LAN,NL,P,9,0,25,0,2,0,0,,,,,
gardnbr01,2016,1,NYA,AL,OF,147,139,3690,250,9,3,2,,,,,
garnedu01,2016,1,COL,NL,C,23,18,504,134,11,1,0,0,,10,6,
garnepe01,2016,1,CLE,AL,P,8,0,28,0,2,0,0,,,,,
gartory01,2016,1,TBA,AL,P,37,0,118,1,3,1,0,,,,,
garzama01,2016,1,MIL,NL,P,19,19,305,2,6,3,0,,,,,
gattiev01,2016,1,HOU,AL,C,55,49,1336,448,34,2,4,5,,15,13,
gausmke01,2016,1,BAL,AL,P,30,30,539,5,14,2,1,,,,,
gearrco01,2016,1,SFN,NL,OF,1,0,0,0,0,0,0,,,,,
gearrco01,2016,1,SFN,NL,P,56,0,145,2,5,0,1,,,,,
geedi01,2016,1,KCA,AL,P,33,14,375,5,12,3,3,,,,,
geltzst01,2016,1,TBA,AL,P,27,0,80,1,1,0,0,,,,,
gennesc01,2016,1,MIL,NL,2B,127,121,3186,206,344,14,73,,,,,
gentrcr01,2016,1,LAA,AL,OF,13,10,279,28,1,1,0,,,,,
germego01,2016,1,COL,NL,P,40,0,122,5,3,0,0,,,,,
giavojo01,2016,1,LAA,AL,2B,97,90,2306,165,186,5,54,,,,,
gibsoky01,2016,1,MIN,AL,P,25,25,442,12,27,0,1,,,,,
gileske01,2016,1,HOU,AL,P,69,0,197,4,5,0,0,,,,,
gillaco01,2016,1,SFN,NL,1B,7,3,96,29,2,0,3,,,,,
gillaco01,2016,1,SFN,NL,3B,45,34,914,11,62,2,6,,,,,
gilleco01,2016,1,MIA,NL,1B,1,0,6,3,0,0,0,,,,,
gilleco01,2016,1,MIA,NL,OF,8,5,148,13,1,1,0,,,,,
gilmase01,2016,1,NYN,NL,P,14,1,53,0,5,0,0,,,,,
gimench01,2016,1,CLE,AL,1B,4,0,18,3,0,0,1,,,,,
gimench01,2016,1,CLE,AL,3B,3,1,29,1,2,0,1,,,,,
gimench01,2016,1,CLE,AL,C,59,42,1169,355,26,3,2,5,,17,6,
gimench01,2016,1,CLE,AL,P,2,0,9,0,0,0,0,,,,,
giolilu01,2016,1,WAS,NL,P,6,4,64,1,3,0,0,,,,,
girodch01,2016,1,TOR,AL,P,14,0,31,3,0,1,0,,,,,
givenmy01,2016,1,BAL,AL,P,66,0,224,1,13,0,1,,,,,
glasnty01,2016,1,PIT,NL,P,7,4,70,0,2,1,1,,,,,
gloveko01,2016,1,WAS,NL,P,19,0,59,1,3,1,0,,,,,
godleza01,2016,1,ARI,NL,P,27,9,224,5,14,2,1,,,,,
goedder01,2016,1,NYN,NL,P,36,0,107,1,2,1,0,,,,,
goeddty01,2016,1,PHI,NL,OF,77,56,1490,88,5,3,3,,,,,
goforda01,2016,1,MIL,NL,P,10,0,32,0,2,0,0,,,,,
goinsry01,2016,1,TOR,AL,1B,2,0,16,4,1,0,0,,,,,
goinsry01,2016,1,TOR,AL,2B,37,32,873,64,95,3,20,,,,,
goinsry01,2016,1,TOR,AL,3B,6,2,63,2,4,1,0,,,,,
goinsry01,2016,1,TOR,AL,OF,3,0,36,3,0,0,0,,,,,
goinsry01,2016,1,TOR,AL,P,1,0,3,1,0,0,0,,,,,
goinsry01,2016,1,TOR,AL,SS,28,16,452,31,65,1,16,,,,,
goldspa01,2016,1,ARI,NL,1B,157,157,4168,1378,116,4,127,,,,,
gomesya01,2016,1,CLE,AL,C,73,65,1747,539,32,3,3,4,,19,11,
gomezca01,2016,1,HOU,AL,OF,78,77,2031,157,7,1,1,,,,,
gomezca01,2016,2,TEX,AL,OF,33,32,825,68,0,1,0,,,,,
gomezje01,2016,1,PHI,NL,P,70,0,206,7,9,1,0,,,,,
gonzaad01,2016,1,LAN,NL,1B,151,146,3886,1105,85,2,77,,,,,
gonzaca01,2016,1,COL,NL,OF,148,145,3783,251,8,3,0,,,,,
gonzach01,2016,1,TEX,AL,P,3,3,31,0,1,0,0,,,,,
gonzaer01,2016,1,CLE,AL,2B,5,0,33,1,2,0,0,,,,,
gonzaer01,2016,1,CLE,AL,3B,2,0,6,0,0,0,0,,,,,
gonzaer01,2016,1,CLE,AL,OF,2,1,30,1,0,0,0,,,,,
gonzaer01,2016,1,CLE,AL,SS,8,1,55,5,6,0,2,,,,,
gonzagi01,2016,1,WAS,NL,P,32,32,532,13,26,1,0,,,,,
gonzama01,2016,1,HOU,AL,1B,92,74,2031,640,69,6,57,,,,,
gonzama01,2016,1,HOU,AL,2B,14,8,237,14,20,1,6,,,,,
gonzama01,2016,1,HOU,AL,3B,22,16,475,12,42,1,2,,,,,
gonzama01,2016,1,HOU,AL,OF,19,14,332,26,1,0,0,,,,,
gonzama01,2016,1,HOU,AL,SS,11,6,199,9,18,0,3,,,,,
gonzami03,2016,1,CHA,AL,P,24,23,405,12,13,0,1,,,,,
gonzase01,2016,1,PHI,NL,P,27,0,106,1,3,0,1,,,,,
goodwbr01,2016,1,WAS,NL,OF,14,10,237,14,0,0,0,,,,,
goodyni01,2016,1,NYA,AL,P,27,0,87,1,3,0,0,,,,,
gordoal01,2016,1,KCA,AL,OF,126,125,3301,222,6,2,1,,,,,
gordode01,2016,1,MIA,NL,2B,78,73,1966,150,186,7,51,,,,,
gorete01,2016,1,KCA,AL,OF,2,0,15,3,0,0,0,,,,,
gorzeto01,2016,1,CLE,AL,P,7,0,9,0,0,0,0,,,,,
gosean01,2016,1,DET,AL,OF,30,27,714,59,1,0,0,,,,,
gosewtu01,2016,1,ARI,NL,C,31,27,702,241,20,1,1,3,,12,4,
gosseph01,2016,1,ARI,NL,1B,6,4,123,44,7,0,3,,,,,
gosseph01,2016,1,ARI,NL,2B,35,21,586,36,50,0,12,,,,,
gosseph01,2016,1,ARI,NL,3B,10,5,122,3,7,0,0,,,,,
gosseph01,2016,1,ARI,NL,OF,3,2,55,6,0,0,0,,,,,
gotttr01,2016,1,WAS,NL,P,9,0,18,0,0,0,0,,,,,
gourryu01,2016,1,HOU,AL,1B,5,4,108,35,4,0,9,,,,,
gourryu01,2016,1,HOU,AL,3B,21,20,528,13,30,1,1,,,,,
gourryu01,2016,1,HOU,AL,OF,1,1,24,0,0,0,0,,,,,
gracema02,2016,1,WAS,NL,P,5,0,9,0,0,0,0,,,,,
grahajr01,2016,1,MIN,AL,P,1,0,5,0,0,0,0,,,,,
grandcu01,2016,1,NYN,NL,OF,140,138,3629,273,8,0,1,,,,,
grandya01,2016,1,LAN,NL,1B,4,2,57,24,1,0,1,,,,,
grandya01,2016,1,LAN,NL,C,115,106,2863,1022,55,5,4,10,,59,24,
grateju01,2016,1,LAA,AL,C,9,4,126,31,3,0,0,0,,4,1,
graveke01,2016,1,OAK,AL,P,31,31,558,15,27,0,2,,,,,
grayjo02,2016,1,COL,NL,P,29,29,504,8,10,1,0,,,,,
grayso01,2016,1,OAK,AL,P,22,22,351,10,11,1,3,,,,,
greench03,2016,1,NYA,AL,P,12,8,137,4,5,0,2,,,,,
greengr01,2016,1,SFN,NL,2B,15,11,297,17,24,2,6,,,,,
greensh02,2016,1,DET,AL,P,50,3,181,1,6,0,0,,,,,
gregelu01,2016,1,HOU,AL,P,59,0,173,6,14,0,1,,,,,
gregodi01,2016,1,NYA,AL,SS,153,148,3928,180,380,15,68,,,,,
greinza01,2016,1,ARI,NL,P,26,26,476,20,28,1,4,,,,,
grichra01,2016,1,SLN,NL,OF,119,111,2983,232,8,1,1,,,,,
griffaj01,2016,1,TEX,AL,P,23,23,357,1,9,0,1,,,,,
grillja01,2016,1,ATL,NL,P,21,0,51,1,0,0,0,,,,,
grillja01,2016,2,TOR,AL,P,46,0,126,1,4,1,0,,,,,
grimmju01,2016,1,CHN,NL,P,68,0,158,3,5,0,0,,,,,
grossro01,2016,1,MIN,AL,OF,75,72,1912,122,4,8,1,,,,,
gsellro01,2016,1,NYN,NL,P,8,7,134,2,9,0,1,,,,,
guaipma01,2016,1,SEA,AL,P,5,0,22,0,0,0,0,,,,,
guerrde01,2016,1,LAA,AL,P,44,0,160,3,2,0,0,,,,,
guerrja01,2016,1,LAA,AL,P,7,0,19,0,1,0,0,,,,,
guerrju02,2016,1,MIL,NL,P,20,20,365,10,11,2,1,,,,,
guerrta01,2016,1,SDN,NL,P,1,0,6,0,0,0,0,,,,,
gurkaja01,2016,1,COL,NL,P,6,0,29,1,5,1,0,,,,,
gustaja01,2016,1,HOU,AL,P,14,0,46,1,1,0,0,,,,,
gutiefr01,2016,1,SEA,AL,OF,70,55,1427,105,1,0,0,,,,,
guyerbr01,2016,1,TBA,AL,OF,50,46,1237,97,1,3,0,,,,,
guyerbr01,2016,2,CLE,AL,OF,33,25,642,53,2,1,0,,,,,
gyorkje01,2016,1,SLN,NL,1B,11,8,192,61,5,0,6,,,,,
gyorkje01,2016,1,SLN,NL,2B,46,39,1013,63,136,1,32,,,,,
gyorkje01,2016,1,SLN,NL,3B,39,28,816,21,54,3,7,,,,,
gyorkje01,2016,1,SLN,NL,SS,26,25,654,38,74,6,18,,,,,
hahnje01,2016,1,OAK,AL,P,9,9,139,3,6,0,1,,,,,
haleda02,2016,1,COL,NL,P,2,0,6,0,0,0,0,,,,,
hallco01,2016,1,MIA,NL,P,2,0,9,0,0,0,0,,,,,
hamelco01,2016,1,TEX,AL,P,32,32,602,9,18,3,0,,,,,
hamilbi02,2016,1,CIN,NL,OF,115,108,2827,276,9,3,4,,,,,
hammeja01,2016,1,CHN,NL,P,30,30,500,16,24,1,2,,,,,
handbr01,2016,1,SDN,NL,P,82,0,268,2,9,1,1,,,,,
hanigmi01,2016,1,ARI,NL,OF,31,29,773,62,2,1,0,,,,,
hanigry01,2016,1,BOS,AL,C,34,30,792,258,26,0,3,18,,18,7,
hansoal01,2016,1,PIT,NL,2B,8,5,140,13,11,2,6,,,,,
happja01,2016,1,TOR,AL,P,32,32,585,6,26,0,0,,,,,
hardybl01,2016,1,DET,AL,P,21,0,77,2,4,0,1,,,,,
hardyjj01,2016,1,BAL,AL,SS,115,115,2970,140,326,6,80,,,,,
harpebr03,2016,1,WAS,NL,OF,143,142,3737,256,5,2,1,,,,,
harrelu01,2016,1,ATL,NL,P,5,5,88,3,4,1,0,,,,,
harrelu01,2016,2,TEX,AL,P,4,4,53,1,2,0,1,,,,,
harrijo05,2016,1,PIT,NL,2B,128,122,3233,262,366,7,97,,,,,
harrijo05,2016,1,PIT,NL,OF,1,0,3,0,0,0,0,,,,,
harriwi02,2016,1,HOU,AL,P,66,0,192,9,7,0,1,,,,,
hartdo01,2016,1,BAL,AL,P,22,0,55,1,5,0,1,,,,,
harvema01,2016,1,NYN,NL,P,17,17,278,5,17,1,2,,,,,
hatchch02,2016,1,LAN,NL,P,37,0,122,3,4,1,0,,,,,
hathast01,2016,1,ARI,NL,P,24,0,44,1,2,0,0,,,,,
hayesdr01,2016,1,CIN,NL,P,6,0,29,0,1,0,0,,,,,
hazelje01,2016,1,SLN,NL,OF,73,38,1207,79,0,4,0,,,,,
headlch01,2016,1,NYA,AL,3B,140,134,3507,90,278,10,25,,,,,
healyry01,2016,1,OAK,AL,3B,72,72,1913,42,144,9,9,,,,,
heanean01,2016,1,LAA,AL,P,1,1,18,0,0,0,0,,,,,
hechaad01,2016,1,MIA,NL,SS,153,135,3666,203,359,13,72,,,,,
hedgeau01,2016,1,SDN,NL,C,7,7,185,47,2,1,1,0,,2,2,
heisech01,2016,1,WAS,NL,OF,44,21,735,59,0,0,0,,,,,
hellebe01,2016,1,NYA,AL,P,10,0,21,0,2,1,0,,,,,
hellije01,2016,1,PHI,NL,P,32,32,567,8,28,0,3,,,,,
hembrhe01,2016,1,BOS,AL,P,38,0,153,2,7,1,0,,,,,
hendeji01,2016,1,NYN,NL,P,44,0,105,2,3,1,0,,,,,
hendrky01,2016,1,CHN,NL,P,31,30,570,16,30,0,2,,,,,
hendrli01,2016,1,OAK,AL,P,53,0,194,3,5,0,0,,,,,
heredgu01,2016,1,SEA,AL,OF,43,18,704,66,3,1,1,,,,,
hernace02,2016,1,PHI,NL,2B,149,143,3742,241,390,12,102,,,,,
hernace02,2016,1,PHI,NL,SS,4,2,59,6,6,0,3,,,,,
hernada01,2016,1,PHI,NL,P,70,0,218,2,6,0,0,,,,,
hernaen02,2016,1,LAN,NL,2B,11,5,147,7,11,0,0,,,,,
hernaen02,2016,1,LAN,NL,3B,5,1,44,1,5,2,0,,,,,
hernaen02,2016,1,LAN,NL,OF,62,39,1052,78,4,0,1,,,,,
hernaen02,2016,1,LAN,NL,SS,2,1,33,0,1,0,0,,,,,
hernafe02,2016,1,SEA,AL,P,25,25,460,6,20,2,1,,,,,
hernago01,2016,1,SFN,NL,OF,22,13,379,28,2,0,0,,,,,
hernama02,2016,1,BOS,AL,2B,14,3,135,9,12,1,4,,,,,
hernama02,2016,1,BOS,AL,3B,10,6,177,5,10,1,4,,,,,
hernama02,2016,1,BOS,AL,SS,2,1,30,0,2,0,0,,,,,
hernaos01,2016,1,ARI,NL,C,4,3,87,25,0,0,0,1,,0,0,
hernate01,2016,1,HOU,AL,OF,38,27,768,46,1,2,0,,,,,
herreke01,2016,1,KCA,AL,P,72,0,216,2,7,0,1,,,,,
herreod01,2016,1,PHI,NL,OF,155,147,3904,372,11,9,4,,,,,
herrmch01,2016,1,ARI,NL,1B,2,0,15,2,0,0,2,,,,,
herrmch01,2016,1,ARI,NL,C,31,29,790,226,19,1,0,3,,11,7,
herrmch01,2016,1,ARI,NL,OF,9,6,167,9,1,1,0,,,,,
herrmfr01,2016,1,PHI,NL,P,14,0,45,0,1,1,0,,,,,
hesslke01,2016,1,ARI,NL,P,2,0,9,0,1,0,0,,,,,
hesslke01,2016,2,SDN,NL,P,15,0,56,0,3,0,1,,,,,
hestoch01,2016,1,SFN,NL,P,4,0,15,0,0,0,0,,,,,
heywaja01,2016,1,CHN,NL,OF,141,133,3602,269,5,2,2,,,,,
hicksaa01,2016,1,NYA,AL,OF,119,92,2537,186,3,1,1,,,,,
hicksjo02,2016,1,DET,AL,1B,1,0,9,3,1,0,0,,,,,
hillaa01,2016,1,MIL,NL,2B,20,16,450,32,49,0,8,,,,,
hillaa01,2016,1,MIL,NL,3B,59,55,1409,38,97,2,10,,,,,
hillaa01,2016,2,BOS,AL,2B,4,0,48,1,5,0,1,,,,,
hillaa01,2016,2,BOS,AL,3B,44,30,826,19,53,3,7,,,,,
hillri01,2016,1,OAK,AL,P,14,14,228,4,7,2,1,,,,,
hillri01,2016,2,LAN,NL,P,6,6,103,0,10,0,0,,,,,
hinojda01,2016,1,PHI,NL,P,10,0,33,1,3,0,0,,,,,
hochelu01,2016,1,KCA,AL,P,40,0,112,0,3,0,1,,,,,
hoffmje02,2016,1,COL,NL,P,8,6,94,3,2,1,1,,,,,
holadbr01,2016,1,TEX,AL,C,27,25,690,143,9,0,3,1,,10,5,
holadbr01,2016,1,TEX,AL,OF,1,0,9,1,0,0,0,,,,,
holadbr01,2016,1,TEX,AL,P,1,0,4,0,0,0,0,,,,,
holadbr01,2016,2,BOS,AL,3B,1,0,3,0,1,0,1,,,,,
holadbr01,2016,2,BOS,AL,C,13,10,254,76,10,1,2,0,,3,3,
holdejo02,2016,1,NYA,AL,P,8,0,25,0,0,0,0,,,,,
hollade01,2016,1,TEX,AL,P,22,20,322,3,8,2,0,,,,,
hollima01,2016,1,SLN,NL,1B,10,9,185,65,10,0,5,,,,,
hollima01,2016,1,SLN,NL,OF,85,82,1932,111,2,0,0,,,,,
holtbr01,2016,1,BOS,AL,2B,8,4,132,10,11,0,1,,,,,
holtbr01,2016,1,BOS,AL,3B,17,11,279,10,29,2,3,,,,,
holtbr01,2016,1,BOS,AL,OF,68,57,1507,107,6,2,2,,,,,
holtbr01,2016,1,BOS,AL,SS,7,4,123,6,12,0,1,,,,,
holtty01,2016,1,CIN,NL,OF,70,33,1139,94,1,1,0,,,,,
holtty01,2016,1,CIN,NL,P,1,0,3,0,0,0,0,,,,,
hoodde01,2016,1,MIA,NL,OF,7,5,129,11,0,0,0,,,,,
hoovejj01,2016,1,CIN,NL,P,18,0,56,0,1,0,0,,,,,
hosmeer01,2016,1,KCA,AL,1B,154,154,4053,1240,74,6,118,,,,,
housetj01,2016,1,CLE,AL,P,4,0,8,0,1,0,0,,,,,
howarry01,2016,1,PHI,NL,1B,83,81,1933,557,45,11,47,,,,,
howeljp01,2016,1,LAN,NL,P,64,0,152,1,8,0,0,,,,,
hoyinja01,2016,1,TEX,AL,OF,31,8,327,17,1,1,0,,,,,
hoyinja01,2016,1,TEX,AL,P,1,0,3,0,0,0,0,,,,,
hoytja01,2016,1,HOU,AL,P,22,0,66,3,3,1,0,,,,,
hudsoda01,2016,1,ARI,NL,P,70,0,181,5,3,2,1,,,,,
huffda01,2016,1,LAA,AL,P,2,2,16,0,1,1,0,,,,,
hugheja02,2016,1,PIT,NL,P,67,0,178,5,8,0,2,,,,,
hugheph01,2016,1,MIN,AL,P,12,11,177,3,6,0,0,,,,,
hundlni01,2016,1,COL,NL,C,79,77,2035,554,38,7,3,8,,57,9,
huntece01,2016,1,PHI,NL,OF,12,9,244,17,1,0,0,,,,,
hunteto02,2016,1,CLE,AL,P,21,0,65,0,1,0,0,,,,,
hunteto02,2016,2,BAL,AL,P,12,0,37,0,0,0,0,,,,,
hurshja01,2016,1,ATL,NL,P,2,0,4,1,0,0,0,,,,,
hutchdr01,2016,1,TOR,AL,P,3,2,38,0,0,0,0,,,,,
hutchdr01,2016,2,PIT,NL,P,6,1,34,0,1,0,0,,,,,
iannech01,2016,1,SEA,AL,C,93,86,2329,722,42,5,2,6,,45,20,
iglesjo01,2016,1,DET,AL,SS,136,131,3489,180,389,5,92,,,,,
iglesra01,2016,1,CIN,NL,P,37,5,235,8,8,1,0,,,,,
inciaen01,2016,1,ATL,NL,OF,129,126,3383,351,14,4,4,,,,,
infanom01,2016,1,KCA,AL,2B,39,38,1007,66,102,4,17,,,,,
iribahe01,2016,1,CIN,NL,1B,2,0,9,2,0,0,1,,,,,
iribahe01,2016,1,CIN,NL,2B,5,1,45,5,2,0,2,,,,,
iribahe01,2016,1,CIN,NL,OF,8,6,170,13,0,0,0,,,,,
iwakuhi01,2016,1,SEA,AL,P,33,33,597,11,19,0,1,,,,,
jacksau01,2016,1,CHA,AL,OF,54,52,1395,118,3,2,2,,,,,
jacksed01,2016,1,MIA,NL,P,8,0,32,1,1,0,0,,,,,
jacksed01,2016,2,SDN,NL,P,13,13,220,4,4,2,0,,,,,
jackslu01,2016,1,TEX,AL,P,8,0,35,0,1,0,0,,,,,
janispa01,2016,1,BAL,AL,3B,9,9,219,11,12,0,0,,,,,
janispa01,2016,1,BAL,AL,SS,6,1,51,2,6,0,2,,,,,
jankotr01,2016,1,SDN,NL,OF,114,82,2367,221,0,1,0,,,,,
janseke01,2016,1,LAN,NL,P,71,0,206,3,1,1,0,,,,,
jasojo01,2016,1,PIT,NL,1B,108,99,2244,749,46,5,81,,,,,
jasojo01,2016,1,PIT,NL,OF,1,0,4,0,0,0,0,,,,,
jayjo02,2016,1,SDN,NL,OF,86,82,2163,190,4,1,1,,,,,
jeffrje01,2016,1,MIL,NL,P,47,0,134,3,8,0,1,,,,,
jeffrje01,2016,2,TEX,AL,P,12,0,40,1,0,0,0,,,,,
jenkity01,2016,1,ATL,NL,P,14,8,156,1,10,0,0,,,,,
jennida01,2016,1,CHA,AL,P,64,0,182,2,9,1,0,,,,,
jennide01,2016,1,TBA,AL,OF,62,54,1457,112,3,2,1,,,,,
jenseky01,2016,1,ARI,NL,1B,4,1,36,10,0,0,1,,,,,
jenseky01,2016,1,ARI,NL,OF,5,3,99,9,0,0,0,,,,,
jepseke01,2016,1,MIN,AL,P,33,0,92,0,1,0,0,,,,,
jepseke01,2016,2,TBA,AL,P,25,0,57,0,3,0,1,,,,,
jimenub01,2016,1,BAL,AL,P,29,25,427,12,12,2,3,,,,,
johnsch05,2016,1,MIA,NL,1B,81,43,1298,360,23,3,37,,,,,
johnsch05,2016,1,MIA,NL,3B,11,7,177,5,12,0,1,,,,,
johnsch05,2016,1,MIA,NL,OF,2,0,12,0,0,0,0,,,,,
johnser04,2016,1,CHA,AL,P,2,2,35,1,1,0,1,,,,,
johnser04,2016,2,SDN,NL,P,4,4,59,2,1,0,0,,,,,
johnsji04,2016,1,ATL,NL,P,65,0,194,1,10,0,2,,,,,
johnske05,2016,1,ATL,NL,1B,1,1,24,6,0,0,0,,,,,
johnske05,2016,1,ATL,NL,2B,26,23,585,33,64,6,11,,,,,
johnske05,2016,1,ATL,NL,OF,6,4,106,9,0,0,0,,,,,
johnske05,2016,2,NYN,NL,1B,2,1,18,6,1,0,1,,,,,
johnske05,2016,2,NYN,NL,2B,26,19,520,36,31,0,6,,,,,
johnske05,2016,2,NYN,NL,3B,21,15,442,10,27,2,6,,,,,
johnske05,2016,2,NYN,NL,OF,9,4,131,8,0,0,0,,,,,
johnske05,2016,2,NYN,NL,SS,1,0,9,1,0,0,0,,,,,
johnsmi04,2016,1,LAN,NL,2B,3,0,12,2,0,0,0,,,,,
johnsmi04,2016,1,LAN,NL,OF,1,0,3,0,0,0,0,,,,,
johnsst02,2016,1,SEA,AL,P,16,0,50,1,1,0,0,,,,,
jonesad01,2016,1,BAL,AL,OF,152,150,3900,349,4,2,1,,,,,
jonesja07,2016,1,DET,AL,3B,6,4,102,1,6,0,0,,,,,
jonesja07,2016,1,DET,AL,OF,5,3,84,8,0,0,0,,,,,
jonesna01,2016,1,CHA,AL,P,71,0,212,3,13,1,0,,,,,
josepca01,2016,1,BAL,AL,1B,2,0,6,1,0,0,0,,,,,
josepca01,2016,1,BAL,AL,C,48,40,1066,322,24,2,4,2,,22,10,
josepto01,2016,1,PHI,NL,1B,97,74,2044,612,36,7,69,,,,,
joycema01,2016,1,PIT,NL,OF,66,44,1208,81,1,0,0,,,,,
judgeaa01,2016,1,NYA,AL,OF,27,24,648,35,2,1,0,,,,,
jungmta01,2016,1,MIL,NL,P,8,6,80,3,4,0,0,,,,,
kahnlto01,2016,1,CHA,AL,P,29,0,82,6,4,0,0,,,,,
kalisry01,2016,1,CHN,NL,OF,3,1,39,3,0,0,0,,,,,
kangju01,2016,1,PIT,NL,3B,92,83,2185,49,191,17,20,,,,,
karnsna01,2016,1,SEA,AL,P,22,15,283,8,5,2,0,,,,,
kawasmu01,2016,1,CHN,NL,2B,10,4,150,10,14,1,6,,,,,
kawasmu01,2016,1,CHN,NL,3B,1,0,3,0,0,0,0,,,,,
kazmisc01,2016,1,LAN,NL,P,26,26,409,6,16,0,0,,,,,
kelake01,2016,1,TEX,AL,P,35,0,102,2,3,0,0,,,,,
kellesh01,2016,1,WAS,NL,P,67,0,174,2,2,0,0,,,,,
kellyca01,2016,1,ATL,NL,P,10,1,65,4,4,0,1,,,,,
kellyca02,2016,1,SLN,NL,C,10,2,108,30,2,0,0,0,,0,0,
kellydo01,2016,1,MIA,NL,1B,12,6,203,63,9,0,5,,,,,
kellyjo05,2016,1,BOS,AL,P,20,6,120,2,3,1,0,,,,,
kellyty01,2016,1,NYN,NL,1B,1,0,6,3,0,0,0,,,,,
kellyty01,2016,1,NYN,NL,2B,2,0,12,0,0,0,0,,,,,
kellyty01,2016,1,NYN,NL,3B,10,5,173,4,11,0,0,,,,,
kellyty01,2016,1,NYN,NL,OF,10,5,159,9,3,0,1,,,,,
kempma01,2016,1,SDN,NL,OF,97,97,2482,165,8,2,2,,,,,
kempma01,2016,2,ATL,NL,OF,54,54,1397,110,1,1,1,,,,,
kempto01,2016,1,HOU,AL,2B,5,1,54,2,5,1,1,,,,,
kempto01,2016,1,HOU,AL,OF,39,24,696,34,2,1,0,,,,,
kendrho01,2016,1,LAN,NL,1B,11,7,209,56,3,1,6,,,,,
kendrho01,2016,1,LAN,NL,2B,32,23,631,32,57,3,11,,,,,
kendrho01,2016,1,LAN,NL,3B,17,14,378,5,26,1,2,,,,,
kendrho01,2016,1,LAN,NL,OF,94,79,2026,131,5,0,0,,,,,
kenneia01,2016,1,KCA,AL,P,33,33,587,9,8,0,2,,,,,
kensilo01,2016,1,DET,AL,P,3,0,14,2,0,0,2,,,,,
keplema01,2016,1,MIN,AL,1B,2,0,12,5,0,0,0,,,,,
keplema01,2016,1,MIN,AL,OF,112,101,2785,224,9,7,4,,,,,
kershcl01,2016,1,LAN,NL,P,21,21,447,2,15,1,0,,,,,
keuchda01,2016,1,HOU,AL,P,26,26,504,5,27,0,2,,,,,
kiekhde01,2016,1,SLN,NL,P,26,0,66,2,3,0,0,,,,,
kiermke01,2016,1,TBA,AL,OF,104,102,2617,264,7,2,1,,,,,
kimbrcr01,2016,1,BOS,AL,P,57,0,159,0,2,0,0,,,,,
kimhy01,2016,1,BAL,AL,OF,91,78,1995,110,4,0,0,,,,,
kinslia01,2016,1,DET,AL,2B,151,149,3897,303,432,9,109,,,,,
kintzbr01,2016,1,MIN,AL,P,54,0,163,5,15,0,0,,,,,
kipnija01,2016,1,CLE,AL,2B,151,151,3928,198,422,12,70,,,,,
kirkmmi01,2016,1,SDN,NL,P,1,0,4,0,0,0,0,,,,,
kirkmmi01,2016,2,MIL,NL,P,1,0,3,0,0,0,0,,,,,
kivlepa01,2016,1,SDN,NL,OF,5,5,128,12,0,2,0,,,,,
kivlepa01,2016,2,CIN,NL,OF,2,1,18,2,0,0,0,,,,,
kleinph01,2016,1,TEX,AL,P,8,0,26,0,0,0,0,,,,,
kleinph01,2016,2,PHI,NL,P,4,2,32,2,1,0,1,,,,,
klubeco01,2016,1,CLE,AL,P,32,32,645,19,17,1,1,,,,,
knebeco01,2016,1,MIL,NL,P,35,0,98,1,4,1,0,,,,,
kochma01,2016,1,ARI,NL,P,7,2,54,0,0,0,0,,,,,
koehlto01,2016,1,MIA,NL,P,33,33,530,4,12,1,0,,,,,
kontoge01,2016,1,SFN,NL,P,57,0,160,6,8,0,1,,,,,
kratzer01,2016,1,HOU,AL,C,13,9,249,64,7,1,0,0,,4,4,
kratzer01,2016,1,HOU,AL,P,1,0,3,0,0,0,0,,,,,
kratzer01,2016,2,PIT,NL,1B,1,0,1,1,0,0,0,,,,,
kratzer01,2016,2,PIT,NL,C,17,15,417,109,8,1,1,2,,5,4,
kratzer01,2016,2,PIT,NL,P,1,0,3,1,0,0,0,,,,,
krolia01,2016,1,ATL,NL,P,63,0,153,5,10,1,2,,,,,
kuhlch01,2016,1,PIT,NL,P,14,14,212,7,12,0,1,,,,,
lackejo01,2016,1,CHN,NL,P,29,29,565,13,19,0,1,,,,,
ladenty01,2016,1,OAK,AL,2B,30,11,356,32,44,1,8,,,,,
ladenty01,2016,1,OAK,AL,3B,3,2,54,2,7,0,0,,,,,
ladenty01,2016,1,OAK,AL,OF,2,0,4,0,0,0,0,,,,,
ladenty01,2016,1,OAK,AL,P,1,0,3,0,0,0,0,,,,,
lagarju01,2016,1,NYN,NL,OF,71,31,1033,100,1,1,0,,,,,
lakeju01,2016,1,TOR,AL,1B,1,0,15,3,0,0,2,,,,,
lakeju01,2016,1,TOR,AL,OF,19,10,279,16,0,1,0,,,,,
lallibl01,2016,1,ATL,NL,1B,4,1,42,10,0,0,5,,,,,
lamarry01,2016,1,BOS,AL,OF,3,1,42,3,0,0,0,,,,,
lamarry01,2016,1,BOS,AL,P,1,0,3,0,0,0,0,,,,,
lambja01,2016,1,ARI,NL,3B,142,132,3559,92,251,20,13,,,,,
lambjo02,2016,1,CIN,NL,P,14,14,210,0,10,0,0,,,,,
lasteto01,2016,1,CHN,NL,2B,9,7,150,11,9,1,2,,,,,
lasteto01,2016,1,CHN,NL,3B,33,24,623,12,32,4,4,,,,,
latosma01,2016,1,CHA,AL,P,11,11,181,2,9,0,1,,,,,
latosma01,2016,2,WAS,NL,P,6,1,29,1,1,0,0,,,,,
lawde01,2016,1,SFN,NL,P,61,0,165,3,9,0,1,,,,,
lawribr01,2016,1,CHA,AL,2B,92,92,2453,157,242,9,59,,,,,
layneto01,2016,1,BOS,AL,P,34,0,86,3,5,1,1,,,,,
layneto01,2016,2,NYA,AL,P,29,0,48,4,3,0,0,,,,,
leakemi01,2016,1,SLN,NL,P,30,30,530,24,37,4,5,,,,,
leblawa01,2016,1,SEA,AL,P,11,8,150,2,2,0,0,,,,,
leblawa01,2016,2,PIT,NL,P,8,0,36,0,1,0,0,,,,,
leclejo01,2016,1,TEX,AL,P,12,0,45,0,2,0,0,,,,,
leeda02,2016,1,SEA,AL,1B,84,70,1866,554,28,2,68,,,,,
lemahdj01,2016,1,COL,NL,2B,146,144,3728,276,422,6,91,,,,,
leonar01,2016,1,TOR,AL,P,2,0,7,0,0,0,0,,,,,
leonedo01,2016,1,ARI,NL,P,25,0,81,1,0,1,1,,,,,
leonsa01,2016,1,BOS,AL,C,74,67,1801,561,35,1,6,7,,20,14,
lestejo01,2016,1,CHN,NL,P,32,32,608,18,17,0,1,,,,,
lewisco01,2016,1,TEX,AL,P,19,19,349,1,7,1,0,,,,,
liberad01,2016,1,LAN,NL,P,58,0,128,3,4,0,0,,,,,
lightpa01,2016,1,BOS,AL,P,2,0,8,0,0,0,0,,,,,
lightpa01,2016,2,MIN,AL,P,15,0,42,2,5,0,1,,,,,
linceti01,2016,1,LAA,AL,P,9,9,115,1,4,0,0,,,,,
lindad01,2016,1,SEA,AL,1B,101,88,2391,731,50,5,75,,,,,
lindofr01,2016,1,CLE,AL,SS,155,153,4094,215,447,12,83,,,,,
liriafr01,2016,1,PIT,NL,P,21,21,341,2,18,2,2,,,,,
liriafr01,2016,2,TOR,AL,P,10,8,148,0,3,2,1,,,,,
lobatjo01,2016,1,WAS,NL,C,38,32,833,293,16,1,1,6,,18,7,
lobstky01,2016,1,PIT,NL,P,14,0,75,1,4,0,0,,,,,
lockeje01,2016,1,PIT,NL,P,30,19,382,2,18,2,1,,,,,
loewead01,2016,1,ARI,NL,P,8,0,18,0,0,0,0,,,,,
loganbo02,2016,1,COL,NL,P,66,0,139,0,9,1,1,,,,,
lohseky01,2016,1,TEX,AL,P,2,2,28,3,0,0,0,,,,,
loneyja01,2016,1,NYN,NL,1B,97,88,2352,664,62,8,72,,,,,
longoev01,2016,1,TBA,AL,3B,152,152,3948,103,254,9,30,,,,,
lopezja02,2016,1,SFN,NL,P,68,0,80,1,7,0,2,,,,,
lopezra02,2016,1,CIN,NL,1B,1,0,2,1,0,0,0,,,,,
lopezra02,2016,1,CIN,NL,C,4,1,30,8,1,0,0,0,,1,0,
lopezre01,2016,1,WAS,NL,P,11,6,132,0,6,0,0,,,,,
lorenmi01,2016,1,CIN,NL,P,35,0,150,10,5,1,0,,,,,
loughda01,2016,1,PHI,NL,OF,23,17,498,38,1,0,0,,,,,
loupaa01,2016,1,TOR,AL,P,21,0,43,0,5,0,1,,,,,
lowema01,2016,1,DET,AL,P,54,0,148,2,4,0,0,,,,,
lowrije01,2016,1,OAK,AL,2B,82,80,2125,141,235,6,60,,,,,
lowrije01,2016,1,OAK,AL,SS,2,0,9,0,1,0,0,,,,,
lucrojo01,2016,1,MIL,NL,1B,6,5,123,40,0,0,2,,,,,
lucrojo01,2016,1,MIL,NL,C,82,79,2089,574,53,6,5,5,,48,32,
lucrojo01,2016,2,TEX,AL,C,44,42,1101,344,22,0,4,3,,21,12,
luebkco01,2016,1,PIT,NL,P,9,0,26,0,1,0,0,,,,,
lugose01,2016,1,NYN,NL,P,17,8,192,2,10,0,1,,,,,
lylesjo01,2016,1,COL,NL,P,40,5,176,4,5,1,1,,,,,
lyonsty01,2016,1,SLN,NL,P,30,0,144,2,4,0,1,,,,,
machadi01,2016,1,DET,AL,2B,2,0,6,0,0,0,0,,,,,
machadi01,2016,1,DET,AL,SS,6,3,90,5,12,0,1,,,,,
machama01,2016,1,BAL,AL,3B,114,114,2994,86,236,7,26,,,,,
machama01,2016,1,BAL,AL,SS,45,43,1140,76,125,6,33,,,,,
madsory01,2016,1,OAK,AL,P,63,0,194,3,10,0,1,,,,,
maedake01,2016,1,LAN,NL,P,32,32,527,17,24,3,4,,,,,
magilma01,2016,1,CIN,NL,P,5,0,13,0,2,0,1,,,,,
magnida01,2016,1,MIL,NL,P,3,0,9,0,0,0,0,,,,,
mahlegr01,2016,1,LAA,AL,P,24,0,55,0,4,0,0,,,,,
mahtomi01,2016,1,TBA,AL,OF,61,50,1334,106,3,0,1,,,,,
mailelu01,2016,1,TBA,AL,1B,4,0,42,12,1,0,1,,,,,
mailelu01,2016,1,TBA,AL,C,37,34,903,278,27,3,1,4,,18,7,
maldoma01,2016,1,MIL,NL,C,69,63,1677,486,39,7,3,3,,30,20,
manaese01,2016,1,OAK,AL,P,25,24,434,5,12,1,0,,,,,
manesse01,2016,1,SLN,NL,P,29,0,95,4,6,2,0,,,,,
manshje01,2016,1,CLE,AL,P,53,0,130,1,2,0,1,,,,,
mantijo01,2016,1,DET,AL,P,5,0,8,0,1,0,0,,,,,
margoma01,2016,1,SDN,NL,OF,10,8,215,31,0,0,0,,,,,
marinjh01,2016,1,TBA,AL,P,3,0,11,0,1,0,0,,,,,
marinjh01,2016,2,MIL,NL,P,43,0,176,2,11,0,0,,,,,
mariomi01,2016,1,PHI,NL,P,25,0,65,1,3,0,0,,,,,
marisja01,2016,1,HOU,AL,OF,105,85,2369,203,9,1,1,,,,,
markani01,2016,1,ATL,NL,1B,1,1,30,10,0,0,0,,,,,
markani01,2016,1,ATL,NL,OF,150,149,4017,311,5,4,2,,,,,
marksju01,2016,1,TBA,AL,P,4,0,27,0,2,0,0,,,,,
marksma01,2016,1,ATL,NL,P,4,0,10,0,0,0,0,,,,,
marquge01,2016,1,COL,NL,P,6,3,62,1,3,0,0,,,,,
marrede01,2016,1,BOS,AL,2B,6,2,54,2,5,1,1,,,,,
marrede01,2016,1,BOS,AL,3B,4,1,51,0,5,0,0,,,,,
marrede01,2016,1,BOS,AL,SS,4,0,21,1,0,0,0,,,,,
marshev01,2016,1,ARI,NL,P,15,0,46,0,3,0,0,,,,,
marteje01,2016,1,LAA,AL,1B,29,25,615,169,14,2,18,,,,,
marteje01,2016,1,LAA,AL,3B,22,19,480,10,34,2,2,,,,,
marteje01,2016,1,LAA,AL,OF,27,22,516,39,2,1,0,,,,,
marteke01,2016,1,SEA,AL,SS,119,116,3098,140,315,21,69,,,,,
marteke02,2016,1,PIT,NL,P,2,0,10,0,0,0,0,,,,,
martest01,2016,1,PIT,NL,OF,123,120,3189,196,17,4,2,,,,,
martica04,2016,1,SLN,NL,P,31,31,586,25,17,3,3,,,,,
martico01,2016,1,SEA,AL,P,9,2,77,0,2,0,0,,,,,
martijd02,2016,1,DET,AL,OF,118,118,3082,201,3,6,0,,,,,
martijo08,2016,1,SLN,NL,1B,1,0,6,4,0,0,0,,,,,
martijo08,2016,1,SLN,NL,OF,4,2,66,2,0,0,0,,,,,
martile01,2016,1,SEA,AL,OF,143,142,3825,353,11,3,3,,,,,
martimi02,2016,1,CLE,AL,2B,7,2,84,4,3,1,0,,,,,
martimi02,2016,1,CLE,AL,3B,2,1,42,0,3,2,1,,,,,
martimi02,2016,1,CLE,AL,OF,21,9,315,17,2,0,2,,,,,
martimi02,2016,2,BOS,AL,OF,2,1,39,5,0,0,0,,,,,
martimi02,2016,2,BOS,AL,SS,1,0,6,0,0,0,0,,,,,
martimi02,2016,3,CLE,AL,2B,14,5,177,15,15,0,4,,,,,
martimi02,2016,3,CLE,AL,OF,6,0,33,2,0,0,0,,,,,
martimi02,2016,3,CLE,AL,SS,5,4,102,6,11,1,3,,,,,
martini01,2016,1,TEX,AL,P,12,5,116,1,3,0,1,,,,,
martira04,2016,1,WAS,NL,P,8,0,11,0,0,0,0,,,,,
martiru01,2016,1,TOR,AL,2B,1,0,6,0,1,0,0,,,,,
martiru01,2016,1,TOR,AL,3B,1,0,3,0,1,0,0,,,,,
martiru01,2016,1,TOR,AL,C,127,119,3208,989,55,4,3,9,,61,11,
martivi01,2016,1,DET,AL,1B,5,5,132,36,0,0,4,,,,,
mastrda01,2016,1,MIN,AL,OF,6,3,87,4,0,0,0,,,,,
mathije01,2016,1,MIA,NL,C,38,36,930,304,32,3,3,1,,23,10,
matusbr01,2016,1,BAL,AL,P,7,0,18,0,0,0,0,,,,,
matusbr01,2016,2,CHN,NL,P,1,1,9,0,1,0,0,,,,,
matzst01,2016,1,NYN,NL,P,22,22,397,4,27,1,3,,,,,
mauerjo01,2016,1,MIN,AL,1B,95,92,2495,811,53,2,91,,,,,
maurebr01,2016,1,SDN,NL,P,71,0,209,4,7,1,0,,,,,
maxwebr01,2016,1,OAK,AL,C,29,25,645,178,9,1,1,0,,8,0,
maybica01,2016,1,DET,AL,OF,91,89,2326,223,0,4,0,,,,,
mayermi01,2016,1,SLN,NL,P,4,1,16,0,0,0,0,,,,,
maytr01,2016,1,MIN,AL,P,44,0,128,1,0,1,0,,,,,
mazarno01,2016,1,TEX,AL,OF,143,130,3508,300,7,2,2,,,,,
mazzavi01,2016,1,SFN,NL,P,2,0,3,0,0,0,0,,,,,
mcallza01,2016,1,CLE,AL,P,53,2,157,5,3,0,0,,,,,
mcbrima02,2016,1,OAK,AL,1B,1,0,3,2,0,0,0,,,,,
mcbrima02,2016,1,OAK,AL,C,16,11,292,81,5,0,0,3,,8,1,
mcbrima02,2016,1,OAK,AL,OF,1,0,3,0,0,0,0,,,,,
mccanbr01,2016,1,NYA,AL,1B,3,0,15,5,0,0,0,,,,,
mccanbr01,2016,1,NYA,AL,C,92,86,2271,773,36,4,4,6,,47,14,
mccanja02,2016,1,DET,AL,C,99,96,2531,756,44,4,9,4,,33,27,
mccarbr01,2016,1,LAN,NL,P,10,9,120,2,6,0,0,,,,,
mccarke01,2016,1,KCA,AL,P,10,0,25,1,2,0,0,,,,,
mcculla02,2016,1,HOU,AL,P,14,14,243,9,10,0,4,,,,,
mccutan01,2016,1,PIT,NL,OF,151,151,3954,317,6,3,0,,,,,
mcfartj01,2016,1,BAL,AL,P,16,0,74,0,3,0,0,,,,,
mcgeeja01,2016,1,COL,NL,P,57,0,137,4,1,0,0,,,,,
mcgehca01,2016,1,DET,AL,1B,1,0,3,3,0,0,0,,,,,
mcgehca01,2016,1,DET,AL,3B,27,23,633,14,35,0,2,,,,,
mcgowdu01,2016,1,MIA,NL,P,55,0,201,4,5,1,0,,,,,
mchugco01,2016,1,HOU,AL,P,33,33,554,11,19,0,2,,,,,
medlekr01,2016,1,KCA,AL,P,6,6,73,2,2,0,1,,,,,
mejiaad01,2016,1,MIN,AL,P,1,0,7,0,2,0,0,,,,,
melanma01,2016,1,PIT,NL,P,45,0,125,6,5,0,0,,,,,
melanma01,2016,2,WAS,NL,P,30,0,89,4,2,0,1,,,,,
melviti01,2016,1,CIN,NL,P,3,2,27,0,3,0,0,,,,,
mendeyo01,2016,1,TEX,AL,P,2,0,9,0,0,0,0,,,,,
mengdda01,2016,1,OAK,AL,P,14,14,216,2,7,0,0,,,,,
mercejo03,2016,1,PIT,NL,SS,146,142,3736,187,411,9,95,,,,,
merriry01,2016,1,CLE,AL,P,4,1,33,0,3,0,1,,,,,
merriwh01,2016,1,KCA,AL,1B,1,1,27,9,0,0,1,,,,,
merriwh01,2016,1,KCA,AL,2B,65,55,1508,92,156,4,39,,,,,
merriwh01,2016,1,KCA,AL,3B,5,3,90,1,8,1,2,,,,,
merriwh01,2016,1,KCA,AL,OF,16,14,354,28,3,0,2,,,,,
mesorde01,2016,1,CIN,NL,C,13,13,339,92,6,1,1,2,,8,3,
meyeral01,2016,1,MIN,AL,P,2,1,11,0,0,0,0,,,,,
meyeral01,2016,2,LAA,AL,P,5,5,65,1,1,0,0,,,,,
middlwi01,2016,1,MIL,NL,3B,8,8,188,6,19,0,3,,,,,
mileywa01,2016,1,SEA,AL,P,19,19,336,2,13,0,0,,,,,
mileywa01,2016,2,BAL,AL,P,11,11,162,0,8,0,0,,,,,
millean01,2016,1,NYA,AL,P,44,0,136,2,1,0,0,,,,,
millean01,2016,2,CLE,AL,P,26,0,87,2,1,0,0,,,,,
millebr02,2016,1,TBA,AL,1B,39,36,909,277,12,4,17,,,,,
millebr02,2016,1,TBA,AL,OF,1,1,18,0,0,1,0,,,,,
millebr02,2016,1,TBA,AL,SS,105,96,2562,132,215,14,45,,,,,
milleju02,2016,1,COL,NL,P,40,0,128,3,2,0,0,,,,,
millemi01,2016,1,BOS,AL,2B,1,0,3,0,0,0,0,,,,,
millesh01,2016,1,ARI,NL,OF,1,0,3,0,0,0,0,,,,,
millesh01,2016,1,ARI,NL,P,20,20,303,6,5,0,1,,,,,
millsal02,2016,1,KCA,AL,P,3,0,10,1,1,0,0,,,,,
milonto01,2016,1,MIN,AL,P,19,12,208,3,12,0,0,,,,,
minayju01,2016,1,CHA,AL,P,11,0,31,0,0,0,0,,,,,
miranar01,2016,1,BAL,AL,P,1,0,6,0,0,1,0,,,,,
miranar01,2016,2,SEA,AL,P,11,10,168,3,1,0,0,,,,,
mitchbr01,2016,1,NYA,AL,P,5,5,75,0,1,0,0,,,,,
molinya01,2016,1,SLN,NL,1B,2,1,21,10,1,0,0,,,,,
molinya01,2016,1,SLN,NL,C,146,142,3655,1113,60,2,5,8,,67,18,
molledu01,2016,1,DET,AL,P,4,0,25,1,2,0,0,,,,,
moncayo01,2016,1,BOS,AL,3B,5,4,105,2,12,1,0,,,,,
mondera02,2016,1,KCA,AL,2B,42,40,1064,75,96,3,23,,,,,
mondera02,2016,1,KCA,AL,SS,7,0,57,3,5,1,1,,,,,
montemi01,2016,1,CHN,NL,C,71,64,1675,550,37,7,2,4,,59,7,
montemi01,2016,1,CHN,NL,P,1,0,4,0,0,0,0,,,,,
montera01,2016,1,NYN,NL,P,9,3,57,0,2,0,0,,,,,
montgmi01,2016,1,SEA,AL,P,32,2,185,3,3,2,0,,,,,
montgmi01,2016,2,CHN,NL,P,17,5,115,3,6,0,0,,,,,
mooread01,2016,1,CLE,AL,C,9,1,64,21,2,1,1,0,,2,2,
moorema02,2016,1,TBA,AL,P,21,21,390,7,15,1,2,,,,,
moorema02,2016,2,SFN,NL,P,12,12,205,1,3,1,0,,,,,
moralfr01,2016,1,TOR,AL,P,5,0,12,0,1,0,0,,,,,
moralke01,2016,1,KCA,AL,1B,7,6,159,46,3,0,4,,,,,
moralke01,2016,1,KCA,AL,OF,5,5,111,8,0,0,0,,,,,
moranco01,2016,1,HOU,AL,3B,8,6,174,5,13,1,1,,,,,
morelmi01,2016,1,TEX,AL,1B,139,118,3242,1036,65,2,138,,,,,
morgaad01,2016,1,PHI,NL,P,23,21,340,5,17,4,1,,,,,
morimsh01,2016,1,CLE,AL,P,2,0,14,1,0,0,0,,,,,
morinmi01,2016,1,LAA,AL,P,60,0,167,5,10,0,1,,,,,
morriaj01,2016,1,CIN,NL,P,7,0,30,0,3,0,0,,,,,
morribr01,2016,1,MIA,NL,P,24,0,53,0,2,0,0,,,,,
morrilo01,2016,1,TBA,AL,1B,83,78,2056,566,42,4,63,,,,,
morrobr01,2016,1,SDN,NL,P,18,0,48,0,2,0,0,,,,,
morsemi01,2016,1,PIT,NL,1B,1,1,24,5,0,0,1,,,,,
mortoch02,2016,1,PHI,NL,P,4,4,52,1,2,0,0,,,,,
moscojo01,2016,1,CIN,NL,P,5,5,64,1,1,1,0,,,,,
mossbr01,2016,1,SLN,NL,1B,64,40,1191,401,26,4,49,,,,,
mossbr01,2016,1,SLN,NL,OF,72,61,1522,95,4,0,2,,,,,
motteja01,2016,1,COL,NL,P,30,0,71,1,5,0,1,,,,,
motteta01,2016,1,TBA,AL,1B,1,1,24,4,1,0,0,,,,,
motteta01,2016,1,TBA,AL,2B,6,4,117,6,18,1,4,,,,,
motteta01,2016,1,TBA,AL,3B,4,3,84,2,11,0,4,,,,,
motteta01,2016,1,TBA,AL,OF,13,6,203,15,1,0,0,,,,,
motteta01,2016,1,TBA,AL,P,1,0,1,0,0,0,0,,,,,
motteta01,2016,1,TBA,AL,SS,9,7,172,3,15,1,4,,,,,
moustmi01,2016,1,KCA,AL,3B,26,26,663,29,40,2,4,,,,,
moyast01,2016,1,DET,AL,OF,26,24,580,38,4,3,2,,,,,
moylape01,2016,1,KCA,AL,P,50,0,134,2,10,3,3,,,,,
mulleco01,2016,1,NYA,AL,P,3,0,9,0,0,0,0,,,,,
muncyma01,2016,1,OAK,AL,2B,21,19,477,24,51,0,9,,,,,
muncyma01,2016,1,OAK,AL,3B,1,1,27,0,3,1,1,,,,,
muncyma01,2016,1,OAK,AL,OF,21,13,351,29,1,0,0,,,,,
murphda08,2016,1,WAS,NL,1B,21,17,455,134,16,1,14,,,,,
murphda08,2016,1,WAS,NL,2B,117,115,3049,194,265,9,76,,,,,
murphda08,2016,1,WAS,NL,3B,1,1,27,1,1,1,0,,,,,
murphjr01,2016,1,MIN,AL,C,25,23,622,187,12,1,0,3,,8,5,
murphto04,2016,1,COL,NL,C,12,9,245,89,7,2,1,2,,6,4,
murraco01,2016,1,PHI,NL,P,24,0,95,2,2,0,0,,,,,
musgrjo01,2016,1,HOU,AL,P,11,10,186,10,8,0,2,,,,,
myerswi01,2016,1,SDN,NL,1B,149,147,3882,1246,76,3,139,,,,,
myerswi01,2016,1,SDN,NL,3B,1,0,3,0,0,0,0,,,,,
myerswi01,2016,1,SDN,NL,OF,10,6,165,15,0,0,0,,,,,
napolmi01,2016,1,CLE,AL,1B,98,98,2578,831,52,13,64,,,,,
naquity01,2016,1,CLE,AL,OF,109,92,2462,183,6,2,0,,,,,
narvaom01,2016,1,CHA,AL,C,34,30,807,253,11,2,0,1,,23,2,
narvech01,2016,1,MIA,NL,P,6,0,25,0,1,0,0,,,,,
nathajo01,2016,1,CHN,NL,P,3,0,6,0,0,0,0,,,,,
nathajo01,2016,2,SFN,NL,P,7,0,13,1,0,0,0,,,,,
navada01,2016,1,LAA,AL,OF,37,32,732,62,3,0,0,,,,,
navada01,2016,2,KCA,AL,1B,6,1,66,17,2,0,2,,,,,
navardi01,2016,1,CHA,AL,C,83,75,2039,584,36,8,2,3,,39,10,
navardi01,2016,2,TOR,AL,C,7,5,141,49,4,1,0,3,,5,3,
nealza01,2016,1,OAK,AL,P,24,6,210,3,14,0,0,,,,,
nelsoji02,2016,1,MIL,NL,P,32,32,538,8,26,5,1,,,,,
nerishe01,2016,1,PHI,NL,P,79,0,241,7,7,0,0,,,,,
neshepa01,2016,1,HOU,AL,P,60,0,141,2,6,1,0,,,,,
nicasju01,2016,1,PIT,NL,P,52,12,354,10,12,1,1,,,,,
nichobr01,2016,1,TEX,AL,C,15,10,309,96,5,0,2,2,,3,2,
nicolju01,2016,1,MIA,NL,P,18,13,238,3,15,1,1,,,,,
niesejo01,2016,1,PIT,NL,P,23,18,330,7,15,1,1,,,,,
niesejo01,2016,2,NYN,NL,P,6,2,33,0,1,0,0,,,,,
nieuwki01,2016,1,MIL,NL,OF,109,92,2440,190,8,3,1,,,,,
nimmobr01,2016,1,NYN,NL,OF,22,15,416,29,0,1,0,,,,,
nolaaa01,2016,1,PHI,NL,P,20,20,333,7,21,1,0,,,,,
nolasri01,2016,1,MIN,AL,P,21,21,374,6,17,1,1,,,,,
nolasri01,2016,2,LAA,AL,P,11,11,219,4,6,1,1,,,,,
noonani01,2016,1,SDN,NL,2B,2,1,30,1,4,0,0,,,,,
noonani01,2016,1,SDN,NL,SS,5,5,124,10,17,1,4,,,,,
norribu01,2016,1,ATL,NL,P,22,10,211,5,5,1,0,,,,,
norribu01,2016,2,LAN,NL,P,13,9,128,1,5,0,1,,,,,
norrida01,2016,1,DET,AL,P,14,13,208,4,4,1,0,,,,,
norride01,2016,1,SDN,NL,1B,3,0,18,7,0,0,0,,,,,
norride01,2016,1,SDN,NL,C,116,113,2949,875,58,9,5,8,,76,20,
novaiv01,2016,1,NYA,AL,P,21,15,292,4,6,1,1,,,,,
novaiv01,2016,2,PIT,NL,P,11,11,194,6,6,1,1,,,,,
nunezed02,2016,1,MIN,AL,2B,5,4,96,7,8,2,2,,,,,
nunezed02,2016,1,MIN,AL,3B,33,28,780,25,42,3,7,,,,,
nunezed02,2016,1,MIN,AL,SS,51,49,1302,54,137,6,33,,,,,
nunezed02,2016,2,SFN,NL,2B,1,0,3,1,1,0,1,,,,,
nunezed02,2016,2,SFN,NL,3B,48,44,1162,23,92,2,12,,,,,
nunezed02,2016,2,SFN,NL,SS,4,2,60,4,1,0,0,,,,,
nunovi01,2016,1,SEA,AL,P,55,0,176,2,4,0,0,,,,,
obergsc01,2016,1,COL,NL,P,24,0,78,1,3,0,0,,,,,
oberhbr01,2016,1,PHI,NL,P,26,0,151,1,8,2,1,,,,,
oberhbr01,2016,2,LAA,AL,P,11,2,60,0,0,0,0,,,,,
obriepe04,2016,1,ARI,NL,1B,1,0,3,0,1,0,0,,,,,
obriepe04,2016,1,ARI,NL,OF,16,13,318,17,0,1,0,,,,,
odayda01,2016,1,BAL,AL,P,34,0,93,1,1,0,0,,,,,
odorija01,2016,1,TBA,AL,P,33,33,563,11,14,2,2,,,,,
odorro01,2016,1,TEX,AL,2B,146,144,3813,283,428,22,129,,,,,
oflaher01,2016,1,ATL,NL,P,39,0,86,0,2,1,0,,,,,
ogandal01,2016,1,ATL,NL,P,36,0,96,1,3,0,0,,,,,
ogandne01,2016,1,MIA,NL,P,14,0,47,3,3,0,0,,,,,
ohlenro01,2016,1,CIN,NL,P,64,0,197,2,3,0,0,,,,,
ohse01,2016,1,SLN,NL,P,76,0,239,2,6,1,1,,,,,
okertst01,2016,1,SFN,NL,P,16,0,42,0,0,0,0,,,,,
olivehe01,2016,1,ATL,NL,OF,5,5,129,7,0,0,0,,,,,
olsonma02,2016,1,OAK,AL,1B,4,2,60,24,0,0,2,,,,,
olsonma02,2016,1,OAK,AL,OF,5,4,111,7,0,0,0,,,,,
olsonty01,2016,1,NYA,AL,P,1,0,8,0,1,0,0,,,,,
omallsh01,2016,1,SEA,AL,2B,12,3,143,8,13,1,2,,,,,
omallsh01,2016,1,SEA,AL,3B,7,3,94,5,6,0,0,,,,,
omallsh01,2016,1,SEA,AL,OF,34,14,474,33,1,0,0,,,,,
omallsh01,2016,1,SEA,AL,SS,36,29,823,45,85,2,19,,,,,
ondrulo01,2016,1,BAL,AL,P,7,0,19,0,2,0,0,,,,,
orlanpa01,2016,1,KCA,AL,OF,122,115,3135,235,6,4,2,,,,,
orourry01,2016,1,MIN,AL,P,26,0,75,3,2,0,0,,,,,
ortegra01,2016,1,LAA,AL,OF,59,47,1316,103,7,3,1,,,,,
ortizda01,2016,1,BOS,AL,1B,1,1,15,5,0,0,0,,,,,
osichjo01,2016,1,SFN,NL,P,59,0,109,2,9,1,0,,,,,
osullse01,2016,1,BOS,AL,P,5,4,64,0,2,1,0,,,,,
osunaro01,2016,1,TOR,AL,P,72,0,222,4,7,0,0,,,,,
oteroda01,2016,1,CLE,AL,P,62,0,212,7,14,0,3,,,,,
ottavad01,2016,1,COL,NL,P,34,0,81,3,0,0,0,,,,,
overtdi01,2016,1,OAK,AL,P,7,5,73,1,5,0,0,,,,,
owenshe02,2016,1,BOS,AL,P,5,5,66,0,0,0,0,,,,,
owingch01,2016,1,ARI,NL,2B,1,0,6,0,1,0,0,,,,,
owingch01,2016,1,ARI,NL,OF,49,47,1209,93,4,0,1,,,,,
owingch01,2016,1,ARI,NL,SS,70,65,1757,92,175,8,43,,,,,
ozunama01,2016,1,MIA,NL,OF,142,142,3705,310,8,5,0,,,,,
pachejo01,2016,1,CIN,NL,1B,3,1,36,7,0,0,0,,,,,
pachejo01,2016,1,CIN,NL,2B,3,2,52,2,7,0,1,,,,,
pachejo01,2016,1,CIN,NL,3B,4,4,93,2,1,0,0,,,,,
paganan01,2016,1,SFN,NL,OF,127,125,3249,230,5,6,2,,,,,
panikjo01,2016,1,SFN,NL,2B,126,118,3243,233,363,5,82,,,,,
papeljo01,2016,1,WAS,NL,P,37,0,105,0,1,0,0,,,,,
paredji01,2016,1,TOR,AL,2B,1,1,30,0,2,1,0,,,,,
paredji01,2016,1,TOR,AL,3B,2,1,30,3,4,1,0,,,,,
paredji01,2016,1,TOR,AL,OF,1,0,9,0,0,0,0,,,,,
paredji01,2016,2,PHI,NL,2B,1,0,9,1,0,0,0,,,,,
paredji01,2016,2,PHI,NL,OF,36,25,702,55,2,1,1,,,,,
parkby01,2016,1,MIN,AL,1B,24,25,620,189,17,1,25,,,,,
parkebl01,2016,1,SEA,AL,P,1,0,3,1,0,0,0,,,,,
parkebl01,2016,2,NYA,AL,P,16,0,49,1,0,0,0,,,,,
parkeja03,2016,1,SFN,NL,OF,37,27,771,53,1,0,0,,,,,
parmech01,2016,1,NYA,AL,1B,6,2,66,21,4,0,0,,,,,
parnebo01,2016,1,DET,AL,P,6,0,16,1,1,0,1,,,,,
parrage01,2016,1,COL,NL,1B,19,16,404,120,7,0,11,,,,,
parrage01,2016,1,COL,NL,OF,79,71,1923,116,9,5,0,,,,,
partccu01,2016,1,PIT,NL,P,2,0,2,0,0,0,0,,,,,
pattejo03,2016,1,COL,NL,1B,2,2,60,22,1,0,0,,,,,
pattejo03,2016,1,COL,NL,OF,6,1,48,4,0,0,0,,,,,
pattosp01,2016,1,CHN,NL,OF,1,0,1,0,0,0,0,,,,,
pattosp01,2016,1,CHN,NL,P,16,0,64,2,0,0,0,,,,,
paulida01,2016,1,HOU,AL,P,3,1,21,1,1,0,1,,,,,
paulsbe01,2016,1,COL,NL,1B,23,18,457,145,5,1,10,,,,,
paulsbe01,2016,1,COL,NL,OF,7,3,92,8,0,0,0,,,,,
paxtoja01,2016,1,SEA,AL,P,20,20,363,0,12,3,1,,,,,
pazosja01,2016,1,NYA,AL,P,7,0,10,0,2,0,1,,,,,
peacobr01,2016,1,HOU,AL,P,10,5,95,2,2,0,0,,,,,
pearcst01,2016,1,TBA,AL,1B,30,27,702,202,19,3,22,,,,,
pearcst01,2016,1,TBA,AL,2B,14,14,357,21,38,1,9,,,,,
pearcst01,2016,1,TBA,AL,3B,2,1,38,1,1,0,0,,,,,
pearcst01,2016,2,BAL,AL,1B,10,4,132,42,3,0,4,,,,,
pearcst01,2016,2,BAL,AL,2B,1,0,6,2,2,0,1,,,,,
pearcst01,2016,2,BAL,AL,OF,12,12,252,12,1,0,0,,,,,
peavyja01,2016,1,SFN,NL,P,31,21,356,4,9,1,0,,,,,
pederjo01,2016,1,LAN,NL,OF,132,114,3096,258,3,2,0,,,,,
pedrodu01,2016,1,BOS,AL,2B,152,151,3878,245,362,6,98,,,,,
pelfrmi01,2016,1,DET,AL,P,24,22,357,11,15,0,1,,,,,
penaar01,2016,1,MIL,NL,P,1,0,5,0,0,0,0,,,,,
penabr01,2016,1,SLN,NL,1B,1,0,3,2,0,0,0,,,,,
penabr01,2016,1,SLN,NL,C,3,2,57,13,1,1,0,1,,4,0,
penafe01,2016,1,CHN,NL,P,11,0,27,0,0,0,0,,,,,
penafr01,2016,1,BAL,AL,C,14,11,289,76,5,0,1,1,,4,4,
penara02,2016,1,SFN,NL,2B,17,13,330,16,35,3,8,,,,,
penara02,2016,1,SFN,NL,3B,12,5,148,5,11,2,2,,,,,
penara02,2016,1,SFN,NL,SS,4,2,69,4,7,0,2,,,,,
pencehu01,2016,1,SFN,NL,OF,102,102,2725,193,7,0,0,,,,,
pennicl01,2016,1,LAA,AL,1B,3,0,12,2,1,0,1,,,,,
pennicl01,2016,1,LAA,AL,2B,58,33,1005,66,98,1,27,,,,,
pennicl01,2016,1,LAA,AL,3B,1,0,3,1,0,0,0,,,,,
pennicl01,2016,1,LAA,AL,SS,17,10,325,25,34,1,8,,,,,
peralda01,2016,1,ARI,NL,OF,48,40,1155,99,0,0,1,,,,,
peraljh01,2016,1,SLN,NL,3B,67,67,1711,39,125,4,15,,,,,
peraljh01,2016,1,SLN,NL,SS,7,7,170,11,18,0,6,,,,,
peraljo01,2016,1,SEA,AL,P,26,0,70,1,2,0,0,,,,,
peraljo01,2016,2,CHN,NL,P,5,0,12,0,0,0,0,,,,,
peralwa01,2016,1,CIN,NL,P,10,0,22,1,2,0,0,,,,,
peralwi01,2016,1,MIL,NL,P,23,23,383,5,19,3,2,,,,,
perazjo01,2016,1,CIN,NL,2B,12,7,216,15,22,1,6,,,,,
perazjo01,2016,1,CIN,NL,OF,21,19,504,37,0,0,0,,,,,
perazjo01,2016,1,CIN,NL,SS,31,29,750,41,66,2,8,,,,,
perdolu02,2016,1,SDN,NL,P,35,20,440,12,18,3,1,,,,,
perezca02,2016,1,LAA,AL,1B,1,0,9,2,0,0,1,,,,,
perezca02,2016,1,LAA,AL,C,82,76,2011,571,43,3,7,4,,35,21,
perezhe01,2016,1,MIL,NL,1B,6,4,117,35,9,0,5,,,,,
perezhe01,2016,1,MIL,NL,2B,11,8,213,18,24,2,8,,,,,
perezhe01,2016,1,MIL,NL,3B,60,45,1233,29,96,9,9,,,,,
perezhe01,2016,1,MIL,NL,OF,46,38,993,94,1,2,0,,,,,
perezhe01,2016,1,MIL,NL,SS,3,1,54,1,5,0,0,,,,,
perezma02,2016,1,TEX,AL,P,33,33,596,9,25,1,3,,,,,
perezol01,2016,1,WAS,NL,P,64,0,120,3,3,0,1,,,,,
perezro02,2016,1,CLE,AL,C,61,53,1355,476,29,2,3,3,,13,13,
perezsa02,2016,1,KCA,AL,1B,1,0,9,3,0,0,0,,,,,
perezsa02,2016,1,KCA,AL,C,128,128,3317,989,77,4,4,5,,40,37,
perezwi01,2016,1,ATL,NL,P,11,11,161,6,7,0,0,,,,,
perezye01,2016,1,MIA,NL,2B,1,0,9,2,1,0,0,,,,,
perezye01,2016,1,MIA,NL,SS,2,0,7,1,1,0,0,,,,,
perkigl01,2016,1,MIN,AL,P,2,0,6,0,0,0,0,,,,,
peterja01,2016,1,ATL,NL,2B,87,77,2083,150,235,11,54,,,,,
peterja01,2016,1,ATL,NL,3B,1,1,30,0,0,0,0,,,,,
peterja01,2016,1,ATL,NL,OF,16,12,318,27,0,2,0,,,,,
petitgr01,2016,1,LAA,AL,2B,50,26,677,49,66,4,18,,,,,
petitgr01,2016,1,LAA,AL,3B,10,4,152,4,13,1,0,,,,,
petitgr01,2016,1,LAA,AL,OF,7,5,150,19,0,0,0,,,,,
petitgr01,2016,1,LAA,AL,SS,32,26,671,31,78,3,13,,,,,
petityu01,2016,1,WAS,NL,P,36,1,186,1,4,1,0,,,,,
petrija01,2016,1,CHA,AL,P,9,0,24,1,3,0,1,,,,,
phamth01,2016,1,SLN,NL,OF,66,36,1133,71,2,0,1,,,,,
phegljo01,2016,1,OAK,AL,C,25,23,599,164,13,0,1,3,,8,1,
phegljo01,2016,1,OAK,AL,P,1,0,2,0,0,0,0,,,,,
phelpda01,2016,1,MIA,NL,P,64,5,260,4,12,3,2,,,,,
phillbr01,2016,1,CIN,NL,2B,138,138,3531,249,345,14,89,,,,,
phillza01,2016,1,PIT,NL,P,8,0,20,0,0,0,0,,,,,
pierzaj01,2016,1,ATL,NL,C,64,59,1596,457,23,4,5,5,,43,14,
pillake01,2016,1,TOR,AL,OF,146,143,3879,337,6,6,2,,,,,
pinama01,2016,1,MIL,NL,C,17,16,423,105,15,1,1,0,,13,5,
pindebr01,2016,1,NYA,AL,P,1,0,3,0,0,0,0,,,,,
pindech01,2016,1,OAK,AL,2B,13,9,240,9,23,3,1,,,,,
pindech01,2016,1,OAK,AL,SS,7,3,105,6,10,0,3,,,,,
pinedmi01,2016,1,NYA,AL,P,32,32,527,9,22,2,1,,,,,
pireljo01,2016,1,SDN,NL,2B,12,9,233,10,16,1,4,,,,,
pireljo01,2016,1,SDN,NL,OF,1,1,18,0,0,0,0,,,,,
piscost01,2016,1,SLN,NL,1B,1,0,6,1,0,0,0,,,,,
piscost01,2016,1,SLN,NL,OF,150,145,3874,272,7,4,1,,,,,
plaweke01,2016,1,NYN,NL,C,45,38,1049,321,20,4,2,1,,31,10,
plouftr01,2016,1,MIN,AL,1B,13,13,339,106,10,1,10,,,,,
plouftr01,2016,1,MIN,AL,3B,63,60,1558,31,114,6,13,,,,,
plutkad01,2016,1,CLE,AL,P,2,0,11,0,1,0,0,,,,,
polangr01,2016,1,PIT,NL,OF,134,129,3391,246,10,6,4,,,,,
polanjo01,2016,1,MIN,AL,2B,5,5,129,9,14,1,3,,,,,
polanjo01,2016,1,MIN,AL,3B,9,9,231,2,17,3,2,,,,,
polanjo01,2016,1,MIN,AL,SS,47,45,1218,50,128,11,26,,,,,
polloaj01,2016,1,ARI,NL,OF,12,11,258,31,1,0,0,,,,,
pomerdr01,2016,1,SDN,NL,P,17,17,306,2,10,1,0,,,,,
pomerdr01,2016,2,BOS,AL,P,14,13,206,0,7,1,0,,,,,
pompeda01,2016,1,TOR,AL,OF,2,0,6,1,0,0,0,,,,,
porceri01,2016,1,BOS,AL,P,33,33,669,6,15,1,0,,,,,
poseybu01,2016,1,SFN,NL,1B,15,11,294,95,8,1,11,,,,,
poseybu01,2016,1,SFN,NL,C,123,122,3209,1003,65,3,8,2,,47,28,
poundbr01,2016,1,KCA,AL,P,13,0,38,0,1,0,0,,,,,
pradoma01,2016,1,MIA,NL,3B,150,146,3794,73,240,9,30,,,,,
preslal01,2016,1,MIL,NL,OF,28,25,668,55,1,1,0,,,,,
preslal01,2016,2,DET,AL,OF,2,1,30,5,0,0,0,,,,,
pressry01,2016,1,MIN,AL,P,72,0,226,3,10,1,1,,,,,
priceda01,2016,1,BOS,AL,P,35,35,690,5,22,0,2,,,,,
profaju01,2016,1,TEX,AL,1B,17,13,303,111,10,0,12,,,,,
profaju01,2016,1,TEX,AL,2B,19,15,417,35,55,2,14,,,,,
profaju01,2016,1,TEX,AL,3B,25,16,468,9,33,4,1,,,,,
profaju01,2016,1,TEX,AL,OF,14,8,225,11,1,0,0,,,,,
profaju01,2016,1,TEX,AL,SS,11,10,269,11,26,1,9,,,,,
puigya01,2016,1,LAN,NL,OF,95,81,2233,172,6,4,0,,,,,
pujolal01,2016,1,LAA,AL,1B,28,28,701,200,16,2,20,,,,,
purkema01,2016,1,CHA,AL,P,12,0,54,0,3,0,1,,,,,
putnaza01,2016,1,CHA,AL,P,25,0,82,0,2,0,1,,,,,
quackke01,2016,1,SDN,NL,P,60,0,179,1,4,0,0,,,,,
quallch01,2016,1,COL,NL,P,44,0,98,1,1,1,1,,,,,
quereju01,2016,1,TBA,AL,2B,2,2,48,2,2,0,0,,,,,
quereju01,2016,1,TBA,AL,3B,1,1,27,1,1,0,0,,,,,
quereju01,2016,1,TBA,AL,SS,1,0,6,0,0,0,0,,,,,
quinnro01,2016,1,PHI,NL,OF,15,14,375,33,1,1,0,,,,,
quintjo01,2016,1,CHA,AL,P,32,32,624,3,18,1,3,,,,,
raburry01,2016,1,COL,NL,1B,5,3,69,14,5,1,2,,,,,
raburry01,2016,1,COL,NL,OF,49,45,962,52,1,2,1,,,,,
ramiral03,2016,1,SDN,NL,OF,3,3,66,3,0,0,0,,,,,
ramiral03,2016,1,SDN,NL,SS,111,105,2792,152,283,14,76,,,,,
ramiral03,2016,2,TBA,AL,2B,1,1,24,1,1,0,0,,,,,
ramiral03,2016,2,TBA,AL,SS,16,14,387,10,34,0,8,,,,,
ramirer02,2016,1,TBA,AL,P,64,1,272,4,13,0,0,,,,,
ramirha01,2016,1,BOS,AL,1B,133,133,3435,1000,39,4,100,,,,,
ramirjc01,2016,1,CIN,NL,P,27,0,97,3,2,0,0,,,,,
ramirjc01,2016,2,LAA,AL,P,43,0,139,4,7,2,0,,,,,
ramirjo01,2016,1,CLE,AL,2B,9,3,113,5,10,1,1,,,,,
ramirjo01,2016,1,CLE,AL,3B,117,91,2597,54,174,5,16,,,,,
ramirjo01,2016,1,CLE,AL,OF,48,47,1126,72,1,1,0,,,,,
ramirjo01,2016,1,CLE,AL,SS,5,3,84,5,6,0,2,,,,,
ramirjo02,2016,1,ATL,NL,P,33,0,98,0,1,0,0,,,,,
ramirne01,2016,1,CHN,NL,P,8,0,23,0,1,0,0,,,,,
ramirne01,2016,2,MIL,NL,P,2,0,5,0,0,0,0,,,,,
ramirne01,2016,3,MIN,AL,P,8,0,44,1,1,0,0,,,,,
ramirno01,2016,1,BOS,AL,P,14,0,39,0,1,0,0,,,,,
ramosaj01,2016,1,MIA,NL,P,67,0,192,6,5,0,1,,,,,
ramosce01,2016,1,TEX,AL,P,16,4,143,2,7,0,0,,,,,
ramosed02,2016,1,PHI,NL,P,42,0,120,2,3,0,0,,,,,
ramoswi01,2016,1,WAS,NL,C,128,122,3289,1094,61,3,6,10,,32,19,
ranauan01,2016,1,TEX,AL,P,2,0,11,0,1,0,0,,,,,
ranauan01,2016,2,CHA,AL,P,7,5,83,1,3,0,0,,,,,
rasmuco01,2016,1,HOU,AL,OF,103,95,2607,173,13,0,2,,,,,
rasmuco02,2016,1,LAA,AL,P,19,1,74,0,2,0,0,,,,,
ravinjo01,2016,1,LAN,NL,P,10,0,29,0,1,0,0,,,,,
rayro02,2016,1,ARI,NL,P,32,32,523,3,18,2,3,,,,,
reaco01,2016,1,SDN,NL,P,19,18,298,5,16,0,2,,,,,
reaco01,2016,2,MIA,NL,P,1,1,10,0,0,0,0,,,,,
realmjt01,2016,1,MIA,NL,C,129,124,3339,1069,80,10,8,8,,51,28,
reckean01,2016,1,ATL,NL,C,28,26,689,179,10,1,4,2,,29,8,
reddijo01,2016,1,OAK,AL,OF,68,62,1670,126,5,2,1,,,,,
reddijo01,2016,2,LAN,NL,OF,42,38,1022,79,3,4,0,,,,,
reedad01,2016,1,NYN,NL,P,80,0,233,1,5,0,0,,,,,
reedaj01,2016,1,HOU,AL,1B,35,27,696,214,13,2,20,,,,,
reedco01,2016,1,CIN,NL,P,10,10,143,3,7,0,0,,,,,
reedmi02,2016,1,MIL,NL,OF,7,7,171,18,1,1,0,,,,,
refsnro01,2016,1,NYA,AL,1B,25,21,525,166,5,3,11,,,,,
refsnro01,2016,1,NYA,AL,2B,8,5,123,5,9,2,2,,,,,
refsnro01,2016,1,NYA,AL,3B,1,0,3,0,0,0,0,,,,,
refsnro01,2016,1,NYA,AL,OF,27,18,476,28,3,0,0,,,,,
reimono01,2016,1,BAL,AL,OF,95,57,1656,117,3,1,1,,,,,
rendato01,2016,1,CIN,NL,2B,9,5,150,8,19,1,4,,,,,
rendato01,2016,1,CIN,NL,3B,1,1,24,0,3,0,0,,,,,
rendato01,2016,1,CIN,NL,OF,8,7,156,15,0,0,0,,,,,
rendoan01,2016,1,WAS,NL,3B,155,150,4035,134,239,9,25,,,,,
renfrhu01,2016,1,SDN,NL,OF,9,8,221,14,1,2,0,,,,,
reverbe01,2016,1,WAS,NL,OF,87,80,2141,170,2,2,1,,,,,
reyesal02,2016,1,SLN,NL,P,12,5,138,0,4,2,0,,,,,
reyesjo01,2016,1,NYN,NL,3B,50,50,1281,26,83,6,6,,,,,
reyesjo01,2016,1,NYN,NL,SS,13,10,300,9,26,0,5,,,,,
reyesjo03,2016,1,MIA,NL,P,1,0,6,0,0,0,0,,,,,
reynoma01,2016,1,COL,NL,1B,115,102,2721,939,79,7,91,,,,,
reynoma01,2016,1,COL,NL,2B,1,0,3,0,0,0,0,,,,,
reynoma02,2016,1,SFN,NL,P,8,0,18,0,0,0,0,,,,,
reynoma03,2016,1,NYN,NL,2B,4,2,54,1,3,0,0,,,,,
reynoma03,2016,1,NYN,NL,3B,7,1,50,2,5,0,0,,,,,
reynoma03,2016,1,NYN,NL,OF,1,1,18,2,0,0,0,,,,,
reynoma03,2016,1,NYN,NL,SS,21,15,448,23,47,2,13,,,,,
richacl01,2016,1,CHN,NL,P,25,0,42,0,6,0,0,,,,,
richacl01,2016,2,SDN,NL,P,11,9,161,2,12,4,0,,,,,
richaga01,2016,1,LAA,AL,P,6,6,104,0,5,2,0,,,,,
rickajo01,2016,1,BAL,AL,OF,82,64,1779,127,6,0,0,,,,,
riverfe01,2016,1,WAS,NL,P,47,0,149,1,8,1,1,,,,,
riverfe01,2016,2,PIT,NL,P,28,0,82,0,4,0,1,,,,,
riverre01,2016,1,NYN,NL,1B,1,0,3,1,1,0,0,,,,,
riverre01,2016,1,NYN,NL,C,59,54,1445,495,37,2,5,3,,43,18,
rivertj01,2016,1,NYN,NL,1B,1,0,9,1,1,0,0,,,,,
rivertj01,2016,1,NYN,NL,2B,26,18,512,30,48,0,12,,,,,
rivertj01,2016,1,NYN,NL,3B,9,5,147,4,7,3,1,,,,,
riverya01,2016,1,MIL,NL,2B,13,8,210,21,29,2,7,,,,,
riverya01,2016,1,MIL,NL,3B,15,4,168,5,10,3,2,,,,,
riverya01,2016,1,MIL,NL,SS,5,4,108,7,11,0,2,,,,,
rizzoan01,2016,1,CHN,NL,1B,154,151,4011,1268,125,6,98,,,,,
rizzoan01,2016,1,CHN,NL,2B,1,0,1,0,1,0,0,,,,,
roachdo01,2016,1,SEA,AL,P,4,0,16,0,0,0,0,,,,,
roarkta01,2016,1,WAS,NL,P,34,33,630,9,36,1,5,,,,,
roberda08,2016,1,CHA,AL,P,62,0,187,4,6,0,1,,,,,
roberda09,2016,1,SEA,AL,OF,8,6,160,11,0,1,0,,,,,
robincl01,2016,1,WAS,NL,1B,46,37,1017,279,12,2,30,,,,,
robincl01,2016,1,WAS,NL,OF,3,2,54,6,0,0,0,,,,,
robinsh01,2016,1,LAA,AL,OF,55,28,854,87,2,1,0,,,,,
robleha01,2016,1,NYN,NL,P,68,0,233,5,3,0,0,,,,,
rodgebr01,2016,1,HOU,AL,P,5,1,25,0,0,0,0,,,,,
rodnefe01,2016,1,SDN,NL,P,28,0,86,0,4,1,0,,,,,
rodnefe01,2016,2,MIA,NL,P,39,0,110,0,3,0,0,,,,,
rodonca01,2016,1,CHA,AL,P,28,28,495,5,11,1,0,,,,,
rodrial01,2016,1,NYA,AL,3B,1,0,1,0,0,0,0,,,,,
rodried05,2016,1,BOS,AL,P,20,20,321,4,11,1,1,,,,,
rodrife02,2016,1,OAK,AL,P,34,0,122,1,0,0,0,,,,,
rodrifr03,2016,1,DET,AL,P,61,0,175,6,3,1,0,,,,,
rodrijo04,2016,1,PHI,NL,P,12,0,29,0,0,0,0,,,,,
rodrise01,2016,1,PIT,NL,1B,57,5,523,176,14,1,17,,,,,
rodrise01,2016,1,PIT,NL,2B,29,18,497,45,60,0,17,,,,,
rodrise01,2016,1,PIT,NL,3B,11,6,184,3,13,1,1,,,,,
rodrise01,2016,1,PIT,NL,OF,32,16,457,30,0,1,0,,,,,
rodrise01,2016,1,PIT,NL,SS,27,19,533,23,45,4,11,,,,,
roech01,2016,1,BAL,AL,P,9,0,29,0,1,0,0,,,,,
roech01,2016,2,ATL,NL,P,21,0,60,2,1,0,1,,,,,
rogerja02,2016,1,PIT,NL,1B,5,3,55,20,0,0,3,,,,,
rogerja02,2016,1,PIT,NL,3B,4,0,34,1,1,0,0,,,,,
rogerta01,2016,1,MIN,AL,P,57,0,184,4,13,3,1,,,,,
rojasmi02,2016,1,MIA,NL,1B,41,3,313,85,12,0,9,,,,,
rojasmi02,2016,1,MIA,NL,2B,45,14,512,25,44,0,5,,,,,
rojasmi02,2016,1,MIA,NL,3B,16,1,129,1,10,0,1,,,,,
rojasmi02,2016,1,MIA,NL,SS,33,26,626,46,76,4,18,,,,,
rollida01,2016,1,SEA,AL,P,11,0,28,2,0,0,0,,,,,
rolliji01,2016,1,CHA,AL,SS,35,34,897,47,86,2,18,,,,,
romeren01,2016,1,TBA,AL,P,52,0,137,3,5,0,0,,,,,
romerst01,2016,1,SEA,AL,1B,1,1,18,3,0,0,0,,,,,
romerst01,2016,1,SEA,AL,OF,8,3,105,8,1,1,0,,,,,
rominan01,2016,1,DET,AL,1B,20,3,162,60,1,0,5,,,,,
rominan01,2016,1,DET,AL,2B,12,7,192,16,16,0,6,,,,,
rominan01,2016,1,DET,AL,3B,44,10,408,7,35,1,1,,,,,
rominan01,2016,1,DET,AL,OF,25,13,408,35,1,0,1,,,,,
rominan01,2016,1,DET,AL,P,1,0,2,0,0,0,0,,,,,
rominan01,2016,1,DET,AL,SS,14,12,303,12,32,1,4,,,,,
rominau01,2016,1,NYA,AL,1B,6,2,78,18,1,0,1,,,,,
rominau01,2016,1,NYA,AL,C,50,40,1066,318,22,1,2,2,,20,4,
romose01,2016,1,SFN,NL,P,40,0,92,2,0,0,0,,,,,
rondobr01,2016,1,DET,AL,P,37,0,109,1,2,0,0,,,,,
rondohe01,2016,1,CHN,NL,P,54,0,153,7,7,0,1,,,,,
rondojo01,2016,1,PIT,NL,P,2,0,11,1,0,0,1,,,,,
rondojo02,2016,1,SDN,NL,SS,7,7,189,9,24,2,6,,,,,
rosalad01,2016,1,SDN,NL,1B,1,0,3,0,0,0,0,,,,,
rosalad01,2016,1,SDN,NL,2B,36,22,598,36,53,4,16,,,,,
rosalad01,2016,1,SDN,NL,3B,41,23,759,12,62,4,7,,,,,
rosalad01,2016,1,SDN,NL,OF,3,1,30,2,0,0,0,,,,,
rosalad01,2016,1,SDN,NL,SS,15,6,213,6,31,0,4,,,,,
rosaral01,2016,1,SLN,NL,3B,1,0,3,0,1,0,0,,,,,
rosaral01,2016,1,SLN,NL,C,17,8,269,82,8,0,1,1,,12,4,
rosared01,2016,1,MIN,AL,OF,89,81,2266,176,10,4,0,,,,,
rosentr01,2016,1,SLN,NL,P,45,0,121,1,4,0,0,,,,,
rossda01,2016,1,CHN,NL,C,58,50,1346,433,44,9,3,2,,49,18,
rossjo01,2016,1,WAS,NL,P,19,19,315,4,13,1,0,,,,,
rossro01,2016,1,BOS,AL,P,54,0,166,4,5,0,0,,,,,
rossty01,2016,1,SDN,NL,P,1,1,16,1,0,0,0,,,,,
rothmi01,2016,1,TEX,AL,P,1,0,11,1,0,0,0,,,,,
rowenbe01,2016,1,MIL,NL,P,4,0,9,0,0,0,0,,,,,
ruary01,2016,1,TEX,AL,1B,31,20,507,152,4,1,12,,,,,
ruary01,2016,1,TEX,AL,3B,2,0,15,0,2,0,0,,,,,
ruary01,2016,1,TEX,AL,OF,65,46,1233,85,4,1,2,,,,,
rufda01,2016,1,PHI,NL,1B,14,6,189,62,4,0,8,,,,,
rufda01,2016,1,PHI,NL,OF,13,11,258,16,0,1,0,,,,,
ruggiju01,2016,1,TEX,AL,OF,1,1,27,4,0,0,0,,,,,
ruggiju01,2016,2,NYN,NL,OF,6,6,129,15,0,1,0,,,,,
ruizca01,2016,1,PHI,NL,C,47,46,1254,393,34,3,3,1,,18,12,
ruizca01,2016,2,LAN,NL,C,9,9,225,73,10,1,3,1,,3,3,
ruizri01,2016,1,ATL,NL,3B,2,1,36,0,5,0,0,,,,,
ruppca01,2016,1,PHI,NL,C,104,104,2734,825,44,5,5,7,,45,17,
rusinch01,2016,1,COL,NL,P,29,7,253,6,16,1,1,,,,,
russead02,2016,1,CHN,NL,SS,148,141,3788,152,388,14,60,,,,,
russeja02,2016,1,PHI,NL,P,7,0,13,0,0,0,0,,,,,
rutlejo01,2016,1,BOS,AL,2B,5,2,69,6,7,0,3,,,,,
rutlejo01,2016,1,BOS,AL,3B,17,10,291,2,20,2,2,,,,,
rutlejo01,2016,1,BOS,AL,SS,1,0,3,0,0,0,0,,,,,
ryanbr01,2016,1,LAA,AL,OF,1,0,3,1,0,0,0,,,,,
ryanbr01,2016,1,LAA,AL,SS,16,3,133,9,13,0,2,,,,,
ryanky01,2016,1,DET,AL,P,56,0,167,3,4,1,0,,,,,
ryuhy01,2016,1,LAN,NL,P,1,1,14,0,2,0,0,,,,,
rzepcma01,2016,1,OAK,AL,P,56,0,108,4,2,2,0,,,,,
rzepcma01,2016,2,WAS,NL,P,14,0,35,0,1,1,0,,,,,
sabatcc01,2016,1,NYA,AL,P,30,30,539,2,18,4,2,,,,,
saladty01,2016,1,CHA,AL,1B,2,0,6,3,0,0,0,,,,,
saladty01,2016,1,CHA,AL,2B,41,40,1034,60,111,1,28,,,,,
saladty01,2016,1,CHA,AL,3B,10,10,265,4,22,3,4,,,,,
saladty01,2016,1,CHA,AL,OF,3,0,12,3,1,0,0,,,,,
saladty01,2016,1,CHA,AL,SS,32,27,777,39,89,4,19,,,,,
salasfe01,2016,1,LAA,AL,P,58,0,169,2,7,0,0,,,,,
salasfe01,2016,2,NYN,NL,P,17,0,52,2,0,0,0,,,,,
salazda01,2016,1,CLE,AL,P,25,25,412,5,9,1,0,,,,,
salech01,2016,1,CHA,AL,P,32,32,680,12,19,0,1,,,,,
saltaja01,2016,1,DET,AL,1B,11,6,192,53,3,2,4,,,,,
saltaja01,2016,1,DET,AL,C,68,61,1645,471,19,3,3,1,,37,12,
samarje01,2016,1,SFN,NL,P,32,32,610,7,18,1,1,,,,,
sampsad01,2016,1,SEA,AL,P,1,2,14,1,1,0,0,,,,,
sampske01,2016,1,CIN,NL,P,18,2,118,2,7,0,0,,,,,
sanchaa01,2016,1,TOR,AL,P,30,30,576,16,32,2,1,,,,,
sanchan01,2016,1,DET,AL,P,35,26,460,13,13,2,1,,,,,
sanchca01,2016,1,CHA,AL,2B,33,30,853,50,75,3,14,,,,,
sanchca01,2016,1,CHA,AL,3B,6,3,114,2,6,0,0,,,,,
sanchca01,2016,1,CHA,AL,SS,4,3,87,4,9,0,4,,,,,
sanchga02,2016,1,NYA,AL,C,36,36,948,304,34,3,1,6,,19,13,
sanchhe01,2016,1,CHA,AL,C,2,2,51,16,0,0,0,0,,0,0,
sanchhe01,2016,2,SDN,NL,C,12,7,218,61,4,2,1,0,,4,1,
sandopa01,2016,1,BOS,AL,3B,2,1,33,1,3,1,0,,,,,
sandsje01,2016,1,CHA,AL,1B,4,3,84,27,4,0,2,,,,,
sandsje01,2016,1,CHA,AL,OF,4,0,29,0,0,0,0,,,,,
sanomi01,2016,1,MIN,AL,3B,42,42,1128,35,94,15,10,,,,,
sanomi01,2016,1,MIN,AL,OF,38,37,938,75,0,3,0,,,,,
santaca01,2016,1,CLE,AL,1B,64,62,1670,513,53,5,48,,,,,
santada01,2016,1,MIN,AL,2B,3,0,27,0,0,0,0,,,,,
santada01,2016,1,MIN,AL,3B,1,1,30,1,4,1,0,,,,,
santada01,2016,1,MIN,AL,OF,61,59,1480,136,2,3,1,,,,,
santada01,2016,1,MIN,AL,SS,3,2,72,6,8,0,1,,,,,
santado01,2016,1,MIL,NL,OF,67,62,1685,106,2,2,0,,,,,
santaer01,2016,1,MIN,AL,P,30,30,544,20,8,1,3,,,,,
santihe01,2016,1,LAA,AL,P,22,22,362,6,15,1,1,,,,,
santihe01,2016,2,MIN,AL,P,11,11,184,3,0,0,0,,,,,
sardilu01,2016,1,SEA,AL,1B,3,0,21,5,1,0,2,,,,,
sardilu01,2016,1,SEA,AL,2B,3,1,30,2,3,0,0,,,,,
sardilu01,2016,1,SEA,AL,3B,3,3,78,0,7,0,0,,,,,
sardilu01,2016,1,SEA,AL,OF,1,1,27,0,0,0,0,,,,,
sardilu01,2016,1,SEA,AL,P,1,0,3,0,1,0,0,,,,,
sardilu01,2016,1,SEA,AL,SS,18,15,387,17,32,2,7,,,,,
sardilu01,2016,2,SDN,NL,2B,1,1,27,5,4,0,2,,,,,
sardilu01,2016,2,SDN,NL,SS,32,32,793,41,93,5,25,,,,,
saundmi01,2016,1,TOR,AL,OF,128,122,3174,188,5,2,0,,,,,
saupowa01,2016,1,DET,AL,P,6,0,29,0,2,0,0,,,,,
scahiro01,2016,1,PIT,NL,P,15,0,49,1,3,0,1,,,,,
scahiro01,2016,2,MIL,NL,P,16,0,55,2,4,0,0,,,,,
schaflo01,2016,1,MIN,AL,OF,22,19,502,38,2,0,0,,,,,
schebsc01,2016,1,CIN,NL,OF,67,65,1664,136,5,3,0,,,,,
schepta01,2016,1,TEX,AL,P,10,0,26,0,1,1,0,,,,,
scherma01,2016,1,WAS,NL,P,34,34,685,12,19,1,1,,,,,
schimry01,2016,1,SDN,NL,2B,68,66,1742,106,193,6,50,,,,,
schimry01,2016,1,SDN,NL,3B,14,12,326,6,28,0,2,,,,,
schimry01,2016,1,SDN,NL,OF,1,1,24,2,0,0,0,,,,,
schoojo01,2016,1,BAL,AL,2B,162,162,4287,277,447,8,123,,,,,
schugaj01,2016,1,PIT,NL,P,36,0,156,1,8,0,0,,,,,
schulbo02,2016,1,TOR,AL,P,16,0,49,3,2,0,0,,,,,
schuspa01,2016,1,OAK,AL,P,5,0,20,0,1,0,0,,,,,
schuspa01,2016,2,PHI,NL,P,6,0,6,1,0,0,0,,,,,
schwaky01,2016,1,CHN,NL,OF,2,2,23,1,0,0,0,,,,,
scottro02,2016,1,BOS,AL,P,7,0,18,0,0,0,0,,,,,
scribev01,2016,1,SEA,AL,P,12,0,42,0,0,0,0,,,,,
scrugxa01,2016,1,MIA,NL,1B,19,17,383,129,8,0,13,,,,,
scrugxa01,2016,1,MIA,NL,OF,2,1,33,2,0,0,0,,,,,
seageco01,2016,1,LAN,NL,SS,155,149,4035,195,356,18,67,,,,,
seageky01,2016,1,SEA,AL,3B,156,156,4199,110,373,22,46,,,,,
segedro01,2016,1,LAN,NL,1B,9,3,93,27,1,1,3,,,,,
segedro01,2016,1,LAN,NL,3B,6,5,125,4,8,0,0,,,,,
segedro01,2016,1,LAN,NL,OF,13,9,202,19,0,0,0,,,,,
segurje01,2016,1,ARI,NL,2B,142,133,3516,219,382,9,80,,,,,
segurje01,2016,1,ARI,NL,SS,23,17,433,22,46,1,12,,,,,
selskst01,2016,1,CIN,NL,OF,15,9,279,29,1,0,0,,,,,
semiema01,2016,1,OAK,AL,SS,159,158,4156,235,477,21,109,,,,,
severlu01,2016,1,NYA,AL,P,22,11,213,4,13,2,1,,,,,
severpe01,2016,1,WAS,NL,C,15,8,257,84,7,1,0,1,,4,3,
shaffri01,2016,1,TBA,AL,1B,11,8,231,64,7,1,6,,,,,
shaffri01,2016,1,TBA,AL,3B,4,1,44,4,0,0,0,,,,,
shaffri01,2016,1,TBA,AL,OF,2,1,21,1,0,0,0,,,,,
shawbr01,2016,1,CLE,AL,P,75,0,200,6,6,0,1,,,,,
shawtr01,2016,1,BOS,AL,1B,50,28,869,251,19,0,27,,,,,
shawtr01,2016,1,BOS,AL,3B,105,99,2554,76,197,16,20,,,,,
shawtr01,2016,1,BOS,AL,OF,1,0,9,1,0,0,0,,,,,
shielja02,2016,1,SDN,NL,P,11,11,202,2,6,0,0,,,,,
shielja02,2016,2,CHA,AL,P,22,22,343,6,12,4,0,,,,,
shiplbr01,2016,1,ARI,NL,P,13,11,210,6,7,0,1,,,,,
shoemma01,2016,1,LAA,AL,P,27,27,480,9,23,2,4,,,,,
shrevch01,2016,1,NYA,AL,P,37,0,99,2,7,0,0,,,,,
shuckja01,2016,1,CHA,AL,OF,65,56,1562,129,4,2,0,,,,,
shuckja01,2016,1,CHA,AL,P,1,0,3,0,0,0,0,,,,,
siegrke01,2016,1,SLN,NL,P,67,0,185,0,6,1,0,,,,,
simmoan01,2016,1,LAA,AL,SS,124,123,3135,198,337,10,82,,,,,
simmosh01,2016,1,ATL,NL,P,7,0,20,1,1,0,0,,,,,
simonal01,2016,1,CIN,NL,P,15,11,176,4,5,0,0,,,,,
sippto01,2016,1,HOU,AL,P,60,0,131,2,7,1,0,,,,,
skaggty01,2016,1,LAA,AL,P,10,10,149,0,7,0,1,,,,,
smithbl01,2016,1,CHA,AL,P,5,0,13,1,0,0,0,,,,,
smithca02,2016,1,BOS,AL,P,3,0,8,0,0,0,0,,,,,
smithch07,2016,1,OAK,AL,P,13,0,74,2,2,0,0,,,,,
smithja06,2016,1,SDN,NL,P,4,0,12,0,0,0,0,,,,,
smithjo05,2016,1,LAA,AL,P,38,0,113,1,7,0,0,,,,,
smithjo05,2016,2,CHN,NL,P,16,0,43,0,3,0,0,,,,,
smithjo07,2016,1,CIN,NL,P,32,2,179,2,1,0,0,,,,,
smithke04,2016,1,CHA,AL,C,6,3,84,12,1,0,1,0,,2,1,
smithma05,2016,1,ATL,NL,OF,56,50,1353,122,5,1,0,,,,,
smithse01,2016,1,SEA,AL,OF,109,91,2190,155,7,1,1,,,,,
smithwi04,2016,1,MIL,NL,P,27,0,66,0,2,1,0,,,,,
smithwi04,2016,2,SFN,NL,P,26,0,55,0,2,0,0,,,,,
smoakju01,2016,1,TOR,AL,1B,111,79,2213,753,38,3,69,,,,,
smokejo01,2016,1,NYN,NL,P,20,0,46,0,1,0,1,,,,,
smolija01,2016,1,OAK,AL,OF,93,77,2142,181,3,1,1,,,,,
smylydr01,2016,1,TBA,AL,P,30,30,526,6,20,1,1,,,,,
snellbl01,2016,1,TBA,AL,P,19,19,267,1,18,0,0,,,,,
snydebr03,2016,1,ATL,NL,1B,1,0,12,1,2,0,0,,,,,
snydebr03,2016,1,ATL,NL,3B,2,2,48,5,2,1,0,,,,,
snydebr03,2016,1,ATL,NL,OF,1,1,27,0,0,0,0,,,,,
socolmi01,2016,1,SLN,NL,P,15,0,54,2,3,0,0,,,,,
solando01,2016,1,NYA,AL,2B,6,5,123,12,13,0,3,,,,,
solando01,2016,1,NYA,AL,3B,2,1,39,0,0,1,0,,,,,
solarya01,2016,1,SDN,NL,1B,2,2,54,23,1,0,5,,,,,
solarya01,2016,1,SDN,NL,2B,15,12,291,20,34,2,8,,,,,
solarya01,2016,1,SDN,NL,3B,95,90,2319,59,190,9,19,,,,,
solerjo01,2016,1,CHN,NL,OF,60,56,1236,69,1,1,0,,,,,
solissa01,2016,1,WAS,NL,P,37,0,123,0,3,0,0,,,,,
somsela01,2016,1,CIN,NL,P,2,0,7,0,1,0,0,,,,,
soriajo01,2016,1,KCA,AL,P,70,0,200,5,15,0,0,,,,,
sotoge01,2016,1,LAA,AL,1B,1,0,9,2,1,1,0,,,,,
sotoge01,2016,1,LAA,AL,3B,1,0,3,0,1,0,0,,,,,
sotoge01,2016,1,LAA,AL,C,23,22,567,145,6,1,0,1,,25,6,
souzast01,2016,1,TBA,AL,OF,113,110,2888,232,8,4,1,,,,,
spande01,2016,1,SFN,NL,OF,137,132,3574,286,3,1,1,,,,,
spangco01,2016,1,SDN,NL,2B,13,13,324,22,35,5,12,,,,,
springe01,2016,1,HOU,AL,OF,148,149,3948,308,12,2,2,,,,,
stallja01,2016,1,PIT,NL,C,4,3,84,28,0,0,0,0,,0,0,
stantmi03,2016,1,MIA,NL,OF,106,106,2758,215,5,4,0,,,,,
stassma01,2016,1,HOU,AL,C,8,2,93,22,0,0,0,1,,3,0,
stephro01,2016,1,CIN,NL,P,8,8,111,1,2,0,0,,,,,
stewabr01,2016,1,LAN,NL,P,7,5,84,0,3,0,0,,,,,
stewach01,2016,1,PIT,NL,1B,1,0,3,0,1,0,0,,,,,
stewach01,2016,1,PIT,NL,C,31,26,737,193,10,2,1,4,,11,4,
storedr01,2016,1,TOR,AL,P,38,0,100,2,3,0,0,,,,,
storedr01,2016,2,SEA,AL,P,19,0,55,0,1,0,0,,,,,
storytr01,2016,1,COL,NL,SS,96,94,2469,139,293,10,64,,,,,
strahma01,2016,1,KCA,AL,P,21,0,66,1,0,0,0,,,,,
straida01,2016,1,CIN,NL,P,34,31,574,5,12,0,0,,,,,
strasst01,2016,1,WAS,NL,P,24,24,443,8,9,1,1,,,,,
stratch01,2016,1,SFN,NL,P,7,0,30,1,0,0,0,,,,,
streehu01,2016,1,LAA,AL,P,26,0,67,2,3,0,0,,,,,
strichu01,2016,1,SFN,NL,P,72,0,183,5,11,0,1,,,,,
stripro01,2016,1,LAN,NL,P,22,14,300,9,26,0,3,,,,,
stromma01,2016,1,TOR,AL,P,32,32,612,12,29,4,2,,,,,
stroppe01,2016,1,CHN,NL,OF,1,0,3,0,0,0,0,,,,,
stroppe01,2016,1,CHN,NL,P,54,0,142,5,5,1,0,,,,,
stubbdr01,2016,1,ATL,NL,OF,13,8,273,20,0,0,0,,,,,
stubbdr01,2016,2,TEX,AL,OF,18,6,207,14,0,0,0,,,,,
stubbdr01,2016,3,BAL,AL,OF,18,6,222,11,0,1,0,,,,,
stumpda01,2016,1,PHI,NL,P,7,0,15,0,2,0,0,,,,,
sturdty01,2016,1,TBA,AL,P,16,0,55,2,2,0,2,,,,,
suareal01,2016,1,SFN,NL,P,22,12,252,8,15,1,3,,,,,
suareeu01,2016,1,CIN,NL,3B,151,149,3926,103,271,23,27,,,,,
suareeu01,2016,1,CIN,NL,SS,2,1,30,3,3,0,1,,,,,
sucreje01,2016,1,SEA,AL,C,9,8,204,59,2,0,0,1,,6,0,
surkaer01,2016,1,OAK,AL,P,9,9,116,3,2,1,0,,,,,
susacan01,2016,1,MIL,NL,C,6,4,114,28,3,1,1,0,,1,2,
suterbr01,2016,1,MIL,NL,P,14,2,65,1,5,1,0,,,,,
suzukic01,2016,1,MIA,NL,OF,78,59,1726,125,6,1,1,,,,,
suzukku01,2016,1,MIN,AL,C,99,92,2391,679,28,5,2,1,,52,12,
swansda01,2016,1,ATL,NL,SS,37,36,939,44,79,6,17,,,,,
swarzan01,2016,1,NYA,AL,P,26,0,93,2,2,0,0,,,,,
swihabl01,2016,1,BOS,AL,C,6,6,156,59,3,0,0,3,,3,1,
swihabl01,2016,1,BOS,AL,OF,13,13,341,30,1,0,0,,,,,
syndeno01,2016,1,NYN,NL,P,31,30,551,11,21,4,0,,,,,
szczuma01,2016,1,CHN,NL,OF,70,29,1060,83,0,0,0,,,,,
taillja01,2016,1,PIT,NL,P,18,18,312,5,14,2,1,,,,,
tanakma01,2016,1,NYA,AL,P,31,31,599,11,30,1,1,,,,,
tapiara01,2016,1,COL,NL,OF,11,6,189,14,0,0,0,,,,,
tayloch03,2016,1,SEA,AL,SS,1,1,27,1,1,2,0,,,,,
tayloch03,2016,2,LAN,NL,2B,7,5,118,9,12,1,3,,,,,
tayloch03,2016,2,LAN,NL,3B,10,2,84,2,5,0,0,,,,,
tayloch03,2016,2,LAN,NL,SS,5,4,111,8,9,0,0,,,,,
taylomi02,2016,1,WAS,NL,OF,69,48,1376,125,5,1,0,,,,,
tazawju01,2016,1,BOS,AL,P,53,0,149,3,3,1,1,,,,,
teherju01,2016,1,ATL,NL,P,30,30,564,11,28,1,2,,,,,
teixema01,2016,1,NYA,AL,1B,110,100,2618,867,39,3,65,,,,,
tejadru01,2016,1,SLN,NL,2B,3,0,14,1,1,0,1,,,,,
tejadru01,2016,1,SLN,NL,3B,10,4,141,1,12,2,1,,,,,
tejadru01,2016,1,SLN,NL,P,1,0,3,0,0,0,0,,,,,
tejadru01,2016,1,SLN,NL,SS,7,4,112,1,14,2,2,,,,,
tejadru01,2016,2,SFN,NL,2B,1,0,12,1,1,0,1,,,,,
tejadru01,2016,2,SFN,NL,3B,13,9,243,6,21,2,3,,,,,
telisto01,2016,1,MIA,NL,C,3,1,36,8,2,0,0,0,,2,0,
teperry01,2016,1,TOR,AL,P,20,0,55,2,2,0,0,,,,,
tepesni01,2016,1,LAN,NL,P,1,1,12,0,0,0,0,,,,,
tholejo01,2016,1,TOR,AL,C,50,38,1029,292,18,1,1,17,,18,6,
thompja03,2016,1,PHI,NL,P,10,10,161,4,6,0,2,,,,,
thomptr01,2016,1,LAN,NL,OF,71,61,1668,96,2,2,0,,,,,
thornma01,2016,1,SDN,NL,P,18,0,51,1,0,0,0,,,,,
thornty01,2016,1,MIL,NL,P,67,0,201,2,4,0,0,,,,,
tillmch01,2016,1,BAL,AL,P,30,30,516,5,13,2,1,,,,,
tilsoch01,2016,1,CHA,AL,OF,1,1,13,1,0,0,0,,,,,
tolesan01,2016,1,LAN,NL,OF,32,23,614,55,3,2,0,,,,,
tollesh01,2016,1,TEX,AL,P,37,0,109,5,7,0,0,,,,,
tollias01,2016,1,BAL,AL,P,5,0,14,0,0,1,0,,,,,
tomasya01,2016,1,ARI,NL,1B,1,0,6,2,0,0,0,,,,,
tomasya01,2016,1,ARI,NL,OF,137,131,3491,192,7,7,2,,,,,
tomlijo01,2016,1,CLE,AL,P,30,29,522,16,22,3,1,,,,,
tomlike01,2016,1,SFN,NL,2B,19,17,424,21,43,1,9,,,,,
tomlike01,2016,1,SFN,NL,3B,3,1,39,1,3,0,0,,,,,
tomlike01,2016,1,SFN,NL,OF,3,2,60,5,1,0,0,,,,,
tomlike01,2016,1,SFN,NL,SS,7,4,120,2,9,2,2,,,,,
tonkimi01,2016,1,MIN,AL,P,65,0,215,0,7,0,2,,,,,
torreca01,2016,1,MIL,NL,P,72,0,247,7,11,0,0,,,,,
torrejo02,2016,1,SDN,NL,P,4,0,9,0,0,0,0,,,,,
torrero01,2016,1,NYA,AL,2B,14,9,238,14,15,0,9,,,,,
torrero01,2016,1,NYA,AL,3B,34,27,735,12,76,2,9,,,,,
torrero01,2016,1,NYA,AL,OF,2,0,12,1,0,0,0,,,,,
torrero01,2016,1,NYA,AL,SS,15,11,297,12,22,1,1,,,,,
travide01,2016,1,TOR,AL,2B,99,96,2578,150,276,11,59,,,,,
treinbl01,2016,1,WAS,NL,P,73,0,201,2,13,1,1,,,,,
triggan01,2016,1,OAK,AL,P,24,6,169,0,5,0,0,,,,,
tropeni01,2016,1,LAA,AL,P,13,13,205,0,11,1,0,,,,,
troutmi01,2016,1,LAA,AL,OF,148,146,3781,360,7,4,1,,,,,
trumbma01,2016,1,BAL,AL,1B,6,4,111,30,2,0,4,,,,,
trumbma01,2016,1,BAL,AL,OF,96,96,2373,166,10,6,1,,,,,
tsaoch01,2016,1,LAN,NL,P,2,0,5,0,0,0,0,,,,,
tuckepr01,2016,1,HOU,AL,OF,21,14,432,23,0,1,0,,,,,
tuivasa01,2016,1,SLN,NL,P,12,0,27,0,0,0,0,,,,,
tulowtr01,2016,1,TOR,AL,SS,128,128,3386,158,366,9,72,,,,,
turneja01,2016,1,CHA,AL,P,18,2,74,2,1,0,0,,,,,
turneju01,2016,1,LAN,NL,1B,1,0,3,1,0,0,0,,,,,
turneju01,2016,1,LAN,NL,3B,144,138,3674,67,240,9,15,,,,,
turnetr01,2016,1,WAS,NL,2B,30,25,702,52,71,1,19,,,,,
turnetr01,2016,1,WAS,NL,OF,45,44,1163,99,1,2,0,,,,,
turnetr01,2016,1,WAS,NL,SS,2,0,18,3,5,0,2,,,,,
ueharko01,2016,1,BOS,AL,P,50,0,141,1,4,1,0,,,,,
uptonbj01,2016,1,SDN,NL,OF,90,88,2329,165,8,2,2,,,,,
uptonbj01,2016,2,TOR,AL,OF,55,41,1121,75,1,1,0,,,,,
uptonju01,2016,1,DET,AL,OF,150,148,3897,267,4,4,0,,,,,
urenajo01,2016,1,MIA,NL,P,28,12,251,3,13,1,1,,,,,
uriasju01,2016,1,LAN,NL,P,18,15,231,1,16,1,0,,,,,
uribeju01,2016,1,CLE,AL,3B,68,68,1655,43,128,7,12,,,,,
utleych01,2016,1,LAN,NL,2B,134,118,3193,195,266,5,49,,,,,
utleych01,2016,1,LAN,NL,3B,1,0,6,0,0,0,0,,,,,
valaipa01,2016,1,COL,NL,2B,5,2,60,3,5,0,0,,,,,
valaipa01,2016,1,COL,NL,3B,6,0,36,1,1,1,0,,,,,
valaipa01,2016,1,COL,NL,SS,2,0,20,1,1,0,0,,,,,
valbulu01,2016,1,HOU,AL,1B,8,7,180,61,6,0,4,,,,,
valbulu01,2016,1,HOU,AL,2B,1,0,6,0,0,0,0,,,,,
valbulu01,2016,1,HOU,AL,3B,81,77,2049,54,143,6,17,,,,,
valdejo03,2016,1,LAA,AL,P,25,0,70,2,3,0,0,,,,,
valenda01,2016,1,OAK,AL,1B,18,15,393,134,9,1,8,,,,,
valenda01,2016,1,OAK,AL,3B,68,67,1748,41,122,13,9,,,,,
valenda01,2016,1,OAK,AL,OF,38,37,919,67,6,0,1,,,,,
vanslsc01,2016,1,LAN,NL,1B,7,4,108,40,4,1,2,,,,,
vanslsc01,2016,1,LAN,NL,OF,29,18,514,36,0,1,0,,,,,
vargace01,2016,1,SDN,NL,P,7,7,102,4,11,0,0,,,,,
vargaja01,2016,1,KCA,AL,P,3,3,36,1,1,0,0,,,,,
vargake01,2016,1,MIN,AL,1B,32,28,752,240,14,1,27,,,,,
vazquch01,2016,1,BOS,AL,C,56,49,1316,423,25,2,3,9,,15,8,
velasvi01,2016,1,PHI,NL,P,24,24,393,3,14,2,0,,,,,
venabwi01,2016,1,LAN,NL,OF,5,3,84,6,0,0,0,,,,,
vendipa01,2016,1,TOR,AL,P,8,0,26,0,0,0,0,,,,,
vendipa01,2016,2,SEA,AL,P,7,0,40,0,3,0,1,,,,,
ventuyo01,2016,1,KCA,AL,P,32,32,558,6,27,5,1,,,,,
verhadr01,2016,1,DET,AL,P,19,0,57,0,4,0,0,,,,,
verlaju01,2016,1,DET,AL,P,34,34,683,7,29,1,2,,,,,
verrelo01,2016,1,NYN,NL,P,35,12,275,6,12,1,2,,,,,
villaca01,2016,1,SDN,NL,P,51,0,222,3,7,0,0,,,,,
villajo01,2016,1,MIL,NL,2B,11,8,207,16,22,0,5,,,,,
villajo01,2016,1,MIL,NL,3B,42,40,1040,30,59,12,3,,,,,
villajo01,2016,1,MIL,NL,SS,108,104,2747,152,321,17,67,,,,,
vinceni01,2016,1,SEA,AL,P,60,0,181,3,3,0,1,,,,,
vizcaar01,2016,1,ATL,NL,P,43,0,116,3,3,1,0,,,,,
vogelda01,2016,1,SEA,AL,1B,4,3,75,20,1,0,3,,,,,
vogelry01,2016,1,PIT,NL,P,24,14,247,8,4,3,1,,,,,
vogtst01,2016,1,OAK,AL,1B,1,0,6,1,0,0,0,,,,,
vogtst01,2016,1,OAK,AL,C,113,103,2764,766,45,7,5,5,,51,20,
volqued01,2016,1,KCA,AL,P,34,34,568,13,25,1,0,,,,,
vottojo01,2016,1,CIN,NL,1B,154,154,4026,1168,107,8,124,,,,,
wachami01,2016,1,SLN,NL,P,27,24,414,21,22,1,2,,,,,
wagnety01,2016,1,ARI,NL,P,3,0,30,1,2,0,0,,,,,
wainwad01,2016,1,SLN,NL,P,33,33,596,19,22,0,1,,,,,
waldrky02,2016,1,CIN,NL,OF,4,2,52,4,0,0,0,,,,,
walkene01,2016,1,NYN,NL,2B,111,110,2885,181,297,7,65,,,,,
walketa01,2016,1,SEA,AL,P,25,25,403,6,14,1,0,,,,,
wallabr01,2016,1,SDN,NL,1B,20,13,363,127,7,1,11,,,,,
wallabr01,2016,1,SDN,NL,3B,42,33,799,18,36,5,4,,,,,
walshco02,2016,1,MIL,NL,2B,1,0,3,1,0,0,0,,,,,
walshco02,2016,1,MIL,NL,3B,11,9,193,6,17,1,2,,,,,
walshco02,2016,1,MIL,NL,OF,2,0,7,0,0,0,0,,,,,
walteza01,2016,1,LAN,NL,1B,1,0,3,1,0,0,0,,,,,
walteza01,2016,1,LAN,NL,OF,1,1,24,1,0,0,0,,,,,
wangch01,2016,1,KCA,AL,P,38,0,160,1,3,1,0,,,,,
warread01,2016,1,CHN,NL,P,29,1,105,2,4,1,0,,,,,
warread01,2016,2,NYA,AL,P,29,0,91,3,4,0,1,,,,,
watsoto01,2016,1,PIT,NL,P,70,0,203,5,6,1,0,,,,,
weaveje02,2016,1,LAA,AL,P,31,31,534,6,7,1,1,,,,,
weavelu01,2016,1,SLN,NL,P,9,8,109,3,7,1,1,,,,,
webbda01,2016,1,CHA,AL,P,1,0,3,0,0,0,0,,,,,
webbry01,2016,1,TBA,AL,P,18,0,52,1,5,0,1,,,,,
weberry01,2016,1,ATL,NL,P,16,2,109,3,4,0,0,,,,,
weeksje01,2016,1,SDN,NL,2B,17,17,415,36,48,1,10,,,,,
weeksje01,2016,1,SDN,NL,3B,1,0,3,0,0,0,0,,,,,
weeksri01,2016,1,ARI,NL,OF,38,26,647,36,2,3,0,,,,,
wendejb01,2016,1,OAK,AL,P,8,0,38,0,0,0,0,,,,,
wendljo01,2016,1,OAK,AL,2B,28,24,632,45,71,2,20,,,,,
werthja01,2016,1,WAS,NL,OF,133,133,3474,201,5,1,1,,,,,
whalero01,2016,1,ATL,NL,P,5,5,74,2,5,1,1,,,,,
whitety01,2016,1,HOU,AL,1B,58,50,1357,410,25,4,32,,,,,
whitety01,2016,1,HOU,AL,2B,2,1,33,1,1,0,0,,,,,
whitety01,2016,1,HOU,AL,3B,3,0,14,0,0,0,0,,,,,
whitety01,2016,1,HOU,AL,P,1,0,3,0,0,0,0,,,,,
whitlch01,2016,1,TBA,AL,P,5,1,43,1,2,0,0,,,,,
wielajo01,2016,1,SEA,AL,P,1,1,15,0,0,0,0,,,,,
wietema01,2016,1,BAL,AL,C,117,111,2941,871,50,11,6,1,,43,23,
wilheto01,2016,1,TEX,AL,P,21,0,64,2,2,0,0,,,,,
wilheto01,2016,2,SEA,AL,P,29,0,75,0,1,0,0,,,,,
wilkian01,2016,1,MIL,NL,1B,3,1,31,11,0,1,1,,,,,
wilkian01,2016,1,MIL,NL,OF,1,0,6,0,0,0,0,,,,,
willije02,2016,1,SLN,NL,P,11,0,52,4,1,0,1,,,,,
willima07,2016,1,NYA,AL,OF,11,7,210,18,0,0,0,,,,,
willima08,2016,1,SFN,NL,OF,36,28,725,62,1,2,0,,,,,
willitr01,2016,1,PIT,NL,P,7,1,38,2,0,0,0,,,,,
wilsoal01,2016,1,DET,AL,P,62,0,219,4,7,0,0,,,,,
wilsobo02,2016,1,DET,AL,C,5,4,108,35,0,0,0,0,,1,0,
wilsobo02,2016,2,TEX,AL,C,42,39,1032,289,11,2,4,2,,26,6,
wilsobo02,2016,3,TBA,AL,C,28,28,720,230,9,2,1,3,,13,2,
wilsoju10,2016,1,DET,AL,P,66,0,176,1,4,0,0,,,,,
wilsoty01,2016,1,BAL,AL,P,24,13,282,5,10,3,1,,,,,
wimmeal01,2016,1,MIN,AL,P,16,0,52,3,1,1,0,,,,,
winklda01,2016,1,ATL,NL,P,3,0,7,0,0,0,0,,,,,
wislema01,2016,1,ATL,NL,P,27,26,470,7,18,0,0,,,,,
withrch01,2016,1,ATL,NL,P,46,0,113,2,7,1,1,,,,,
wittgni01,2016,1,MIA,NL,P,48,0,155,3,6,0,0,,,,,
wolteto01,2016,1,COL,NL,2B,7,0,28,0,8,0,0,,,,,
wolteto01,2016,1,COL,NL,C,59,58,1504,451,29,6,0,3,,27,12,
wolteto01,2016,1,COL,NL,SS,3,0,18,0,2,1,1,,,,,
wongko01,2016,1,SLN,NL,2B,88,70,1906,132,256,8,67,,,,,
wongko01,2016,1,SLN,NL,OF,16,11,318,26,0,0,0,,,,,
woodal02,2016,1,LAN,NL,P,14,10,181,1,7,0,0,,,,,
woodbl01,2016,1,CIN,NL,P,70,0,230,1,6,0,1,,,,,
woodtr01,2016,1,CHN,NL,OF,3,0,15,1,0,0,0,,,,,
woodtr01,2016,1,CHN,NL,P,77,0,183,4,11,0,1,,,,,
worleva01,2016,1,BAL,AL,P,35,4,260,4,8,0,1,,,,,
worthda01,2016,1,HOU,AL,2B,6,4,117,5,13,0,4,,,,,
worthda01,2016,1,HOU,AL,3B,5,3,117,4,7,1,0,,,,,
worthda01,2016,1,HOU,AL,SS,2,0,9,0,3,0,1,,,,,
wrighda03,2016,1,NYN,NL,3B,36,36,952,23,58,4,5,,,,,
wrighda04,2016,1,CIN,NL,P,4,2,39,2,0,0,0,,,,,
wrighda04,2016,2,LAA,AL,P,5,5,80,2,5,0,1,,,,,
wrighmi01,2016,1,BAL,AL,P,18,12,224,1,5,1,1,,,,,
wrighst01,2016,1,BOS,AL,P,24,24,470,8,28,3,5,,,,,
yateski01,2016,1,NYA,AL,P,41,0,124,2,4,1,0,,,,,
yelicch01,2016,1,MIA,NL,OF,149,149,3957,260,6,6,1,,,,,
ynoaga01,2016,1,NYN,NL,P,10,3,55,3,1,0,0,,,,,
ynoami01,2016,1,CHA,AL,P,23,0,90,1,6,1,0,,,,,
ynoara01,2016,1,COL,NL,OF,2,0,24,1,0,1,0,,,,,
youngch03,2016,1,KCA,AL,P,34,13,266,1,9,1,0,,,,,
youngch04,2016,1,BOS,AL,OF,69,53,1473,103,0,0,0,,,,,
younger03,2016,1,NYA,AL,OF,2,0,15,3,0,0,0,,,,,
youngma03,2016,1,ATL,NL,P,8,0,21,0,2,0,0,,,,,
zastrro01,2016,1,CHN,NL,P,8,1,48,1,2,0,0,,,,,
zieglbr01,2016,1,ARI,NL,P,36,0,115,1,8,1,0,,,,,
zieglbr01,2016,2,BOS,AL,P,33,0,89,1,3,0,0,,,,,
zimmejo02,2016,1,DET,AL,P,19,18,316,2,17,2,0,,,,,
zimmery01,2016,1,WAS,NL,1B,114,108,2907,852,44,4,88,,,,,
zobribe01,2016,1,CHN,NL,1B,1,0,1,1,0,0,0,,,,,
zobribe01,2016,1,CHN,NL,2B,119,113,2929,177,250,7,52,,,,,
zobribe01,2016,1,CHN,NL,OF,46,29,859,43,1,0,0,,,,,
zobribe01,2016,1,CHN,NL,SS,1,0,6,0,0,0,0,,,,,
zuninmi01,2016,1,SEA,AL,C,52,48,1331,400,15,0,0,3,,19,7,
zychto01,2016,1,SEA,AL,P,12,0,41,0,0,1,0,,,,,